ad_id,xyz_campaign_id,fb_campaign_id,age,gender,interest,Impressions,Clicks,Spent,Total_Conversion,Approved_Conversion,CTR,CPC,CPM
708746,916,103916,30-34,M,15,7350,1,1.43,2,1,0.00013605,1.43,0.000195
708749,916,103917,30-34,M,16,17861,2,1.82,2,0,0.00011198,0.91,0.000102
708771,916,103920,30-34,M,20,693,0,0.00,1,0,0.00000000,#DIV/0!,0.000000
708815,916,103928,30-34,M,28,4259,1,1.25,1,0,0.00023480,1.25,0.000293
708818,916,103928,30-34,M,28,4133,1,1.29,1,1,0.00024195,1.29,0.000312
708820,916,103929,30-34,M,29,1915,0,0.00,1,1,0.00000000,#DIV/0!,0.000000
708889,916,103940,30-34,M,15,15615,3,4.77,1,0,0.00019212,1.59,0.000305
708895,916,103941,30-34,M,16,10951,1,1.27,1,1,0.00009132,1.27,0.000116
708953,916,103951,30-34,M,27,2355,1,1.50,1,0,0.00042463,1.50,0.000637
708958,916,103952,30-34,M,28,9502,3,3.16,1,0,0.00031572,1.05,0.000333
708979,916,103955,30-34,M,31,1224,0,0.00,1,0,0.00000000,#DIV/0!,0.000000
709023,916,103962,30-34,M,7,735,0,0.00,1,0,0.00000000,#DIV/0!,0.000000
709038,916,103965,30-34,M,16,5117,0,0.00,1,0,0.00000000,#DIV/0!,0.000000
709040,916,103965,30-34,M,16,5120,0,0.00,1,0,0.00000000,#DIV/0!,0.000000
709059,916,103968,30-34,M,20,14669,7,10.28,1,1,0.00047720,1.47,0.000701
709105,916,103976,30-34,M,28,1241,0,0.00,1,1,0.00000000,#DIV/0!,0.000000
709115,916,103978,30-34,M,30,2305,1,0.57,1,0,0.00043384,0.57,0.000247
709124,916,103979,30-34,M,31,1024,0,0.00,1,1,0.00000000,#DIV/0!,0.000000
709179,916,103988,35-39,M,15,4627,1,1.69,1,0,0.00021612,1.69,0.000365
709183,916,103989,35-39,M,16,21026,4,4.63,2,1,0.00019024,1.16,0.000220
709320,916,104012,35-39,M,15,1422,0,0.00,1,1,0.00000000,#DIV/0!,0.000000
709323,916,104012,35-39,M,15,7132,2,2.61,1,0,0.00028043,1.30,0.000366
709326,916,104013,35-39,M,16,12190,2,3.05,1,0,0.00016407,1.52,0.000250
709327,916,104013,35-39,M,16,12193,2,3.06,1,1,0.00016403,1.53,0.000251
709328,916,104013,35-39,M,16,3332,0,0.00,1,1,0.00000000,#DIV/0!,0.000000
709455,916,104034,35-39,M,7,559,0,0.00,1,0,0.00000000,#DIV/0!,0.000000
709544,916,104049,35-39,M,29,7440,2,2.98,1,1,0.00026882,1.49,0.000401
709614,916,104061,40-44,M,16,19113,4,5.52,1,0,0.00020928,1.38,0.000289
709756,916,104085,40-44,M,16,10976,2,1.69,1,1,0.00018222,0.85,0.000154
709761,916,104085,40-44,M,16,2861,0,0.00,1,0,0.00000000,#DIV/0!,0.000000
709899,916,104108,40-44,M,15,1398,0,0.00,1,1,0.00000000,#DIV/0!,0.000000
709901,916,104109,40-44,M,16,23817,7,8.47,1,1,0.00029391,1.21,0.000356
710045,916,104133,45-49,M,16,47224,12,15.82,1,0,0.00025411,1.32,0.000335
710088,916,104140,45-49,M,24,2283,1,1.47,1,0,0.00043802,1.47,0.000644
710360,916,104185,45-49,M,21,2182,1,1.53,1,1,0.00045830,1.53,0.000701
710477,916,104205,30-34,F,16,2654,0,0.00,1,1,0.00000000,#DIV/0!,0.000000
710480,916,104205,30-34,F,16,57665,14,18.07,1,1,0.00024278,1.29,0.000313
710571,916,104220,30-34,F,32,3091,1,1.61,1,1,0.00032352,1.61,0.000521
710617,916,104228,30-34,F,15,5014,1,1.19,1,0,0.00019944,1.19,0.000237
710623,916,104229,30-34,F,16,38726,7,9.22,1,0,0.00018076,1.32,0.000238
710628,916,104230,30-34,F,18,1473,0,0.00,1,0,0.00000000,#DIV/0!,0.000000
710682,916,104239,30-34,F,27,1186,0,0.00,1,0,0.00000000,#DIV/0!,0.000000
710763,916,104252,30-34,F,15,5369,1,1.51,1,0,0.00018625,1.51,0.000281
710836,916,104265,30-34,F,29,22221,7,9.43,1,1,0.00031502,1.35,0.000424
710867,916,104270,30-34,F,63,1185,0,0.00,1,0,0.00000000,#DIV/0!,0.000000
710880,916,104272,30-34,F,65,13019,5,6.96,1,0,0.00038405,1.39,0.000535
710961,916,104285,35-39,F,25,2508,1,1.22,1,0,0.00039872,1.22,0.000486
710968,916,104287,35-39,F,27,5864,2,2.80,1,1,0.00034106,1.40,0.000477
711217,916,104328,35-39,F,20,2783,1,1.60,1,0,0.00035932,1.60,0.000575
711623,916,104396,40-44,F,15,3812,1,1.13,2,1,0.00026233,1.13,0.000296
711764,916,104419,45-49,F,10,11199,4,5.73,1,1,0.00035717,1.43,0.000512
711785,916,104423,45-49,F,19,292,0,0.00,1,0,0.00000000,#DIV/0!,0.000000
711877,916,104438,45-49,F,63,17572,7,9.38,1,0,0.00039836,1.34,0.000534
712052,916,104467,45-49,F,10,1448,0,0.00,1,1,0.00000000,#DIV/0!,0.000000
734209,936,108654,30-34,M,10,1772,0,0.00,1,1,0.00000000,#DIV/0!,0.000000
734210,936,108654,30-34,M,10,13329,4,5.63,1,1,0.00030010,1.41,0.000422
734215,936,108655,30-34,M,15,13659,3,3.84,1,0,0.00021964,1.28,0.000281
734243,936,108660,30-34,M,21,739,0,0.00,1,1,0.00000000,#DIV/0!,0.000000
734266,936,108664,30-34,M,25,605,0,0.00,1,0,0.00000000,#DIV/0!,0.000000
734272,936,108665,30-34,M,26,1030,0,0.00,1,0,0.00000000,#DIV/0!,0.000000
734290,936,108668,30-34,M,29,5374,1,1.04,4,0,0.00018608,1.04,0.000194
734313,936,108672,30-34,M,36,790,0,0.00,1,1,0.00000000,#DIV/0!,0.000000
734314,936,108672,30-34,M,36,962,0,0.00,1,0,0.00000000,#DIV/0!,0.000000
734352,936,108678,35-39,M,10,4423,1,1.46,1,1,0.00022609,1.46,0.000330
734361,936,108680,35-39,M,16,12382,2,2.84,1,1,0.00016152,1.42,0.000229
734381,936,108683,35-39,M,20,2938,1,1.35,1,1,0.00034037,1.35,0.000459
734399,936,108686,35-39,M,23,239,0,0.00,1,0,0.00000000,#DIV/0!,0.000000
734418,936,108689,35-39,M,26,591,0,0.00,1,0,0.00000000,#DIV/0!,0.000000
734421,936,108690,35-39,M,27,10332,4,5.75,1,0,0.00038715,1.44,0.000557
734427,936,108691,35-39,M,28,8259,3,3.98,1,0,0.00036324,1.33,0.000482
734433,936,108692,35-39,M,29,12158,3,4.45,1,0,0.00024675,1.48,0.000366
734582,936,108716,40-44,M,29,7709,2,1.32,2,0,0.00025944,0.66,0.000171
734605,936,108720,40-44,M,36,834,0,0.00,1,0,0.00000000,#DIV/0!,0.000000
734660,936,108729,45-49,M,18,1299,0,0.00,2,0,0.00000000,#DIV/0!,0.000000
734666,936,108730,45-49,M,19,371,0,0.00,1,0,0.00000000,#DIV/0!,0.000000
734726,936,108740,45-49,M,29,10466,3,4.09,1,0,0.00028664,1.36,0.000391
734737,936,108742,45-49,M,31,839,0,0.00,1,0,0.00000000,#DIV/0!,0.000000
734785,936,108750,30-34,F,10,5576,1,1.53,1,1,0.00017934,1.53,0.000274
734794,936,108752,30-34,F,16,4010,0,0.00,1,0,0.00000000,#DIV/0!,0.000000
734796,936,108752,30-34,F,16,39337,7,10.03,1,1,0.00017795,1.43,0.000255
734800,936,108753,30-34,F,18,1635,0,0.00,1,0,0.00000000,#DIV/0!,0.000000
734803,936,108753,30-34,F,18,1631,0,0.00,1,0,0.00000000,#DIV/0!,0.000000
734852,936,108761,30-34,F,26,13479,3,4.25,1,0,0.00022257,1.42,0.000315
734854,936,108762,30-34,F,27,57022,13,20.29,3,3,0.00022798,1.56,0.000356
734856,936,108762,30-34,F,27,5453,1,1.39,1,1,0.00018339,1.39,0.000255
734866,936,108764,30-34,F,29,11803,3,4.44,1,0,0.00025417,1.48,0.000376
734881,936,108766,30-34,F,31,4259,1,1.57,1,1,0.00023480,1.57,0.000369
734901,936,108770,30-34,F,64,1554,0,0.00,1,0,0.00000000,#DIV/0!,0.000000
734903,936,108770,30-34,F,64,5323,1,1.29,1,1,0.00018786,1.29,0.000242
734925,936,108774,35-39,F,10,5024,1,1.41,1,1,0.00019904,1.41,0.000281
734939,936,108776,35-39,F,16,104648,24,33.33,4,2,0.00022934,1.39,0.000318
734968,936,108781,35-39,F,22,8504,3,3.34,1,1,0.00035278,1.11,0.000393
734999,936,108786,35-39,F,27,20277,6,8.05,1,0,0.00029590,1.34,0.000397
735014,936,108788,35-39,F,29,12403,4,5.21,1,1,0.00032250,1.30,0.000420
735032,936,108791,35-39,F,32,498,0,0.00,1,1,0.00000000,#DIV/0!,0.000000
735033,936,108792,35-39,F,36,652,0,0.00,0,0,0.00000000,#DIV/0!,0.000000
735043,936,108793,35-39,F,63,1357,0,0.00,1,1,0.00000000,#DIV/0!,0.000000
735048,936,108794,35-39,F,64,1393,0,0.00,1,0,0.00000000,#DIV/0!,0.000000
735065,936,108797,40-44,F,7,648,0,0.00,1,0,0.00000000,#DIV/0!,0.000000
735109,936,108804,40-44,F,21,708,0,0.00,1,1,0.00000000,#DIV/0!,0.000000
735140,936,108809,40-44,F,26,6907,2,2.35,1,0,0.00028956,1.17,0.000340
735143,936,108810,40-44,F,27,39035,13,19.33,1,0,0.00033303,1.49,0.000495
735151,936,108811,40-44,F,28,926,0,0.00,1,0,0.00000000,#DIV/0!,0.000000
735184,936,108817,40-44,F,63,4412,1,1.45,1,0,0.00022665,1.45,0.000329
735189,936,108818,40-44,F,64,9965,3,4.05,1,0,0.00030105,1.35,0.000406
735213,936,108822,45-49,F,10,73634,23,32.98,1,0,0.00031236,1.43,0.000448
735220,936,108823,45-49,F,15,69708,20,31.29,1,0,0.00028691,1.56,0.000449
735242,936,108826,45-49,F,19,530,0,0.00,1,0,0.00000000,#DIV/0!,0.000000
735247,936,108827,45-49,F,20,14257,6,8.79,1,0,0.00042085,1.46,0.000617
735289,936,108834,45-49,F,27,20362,5,9.12,1,1,0.00024556,1.82,0.000448
735290,936,108834,45-49,F,27,12215,4,6.26,1,0,0.00032747,1.57,0.000512
735298,936,108836,45-49,F,29,85412,28,38.64,2,1,0.00032782,1.38,0.000452
736869,936,109448,30-34,M,2,2338,1,0.24,1,0,0.00042772,0.24,0.000103
736890,936,109451,30-34,M,15,2522,0,0.00,1,0,0.00000000,#DIV/0!,0.000000
736893,936,109452,30-34,M,16,3587,0,0.00,1,0,0.00000000,#DIV/0!,0.000000
736977,936,109470,30-34,M,27,1273,0,0.00,1,0,0.00000000,#DIV/0!,0.000000
736988,936,109472,30-34,M,28,3891,1,1.09,1,0,0.00025700,1.09,0.000280
736995,936,109473,30-34,M,29,1888,0,0.00,1,0,0.00000000,#DIV/0!,0.000000
736997,936,109473,30-34,M,29,1895,0,0.00,1,0,0.00000000,#DIV/0!,0.000000
737097,936,109498,35-39,M,7,715,0,0.00,1,0,0.00000000,#DIV/0!,0.000000
737130,936,109507,35-39,M,16,11199,2,2.68,1,0,0.00017859,1.34,0.000239
737320,936,109553,35-39,M,63,5676,2,3.01,1,0,0.00035236,1.50,0.000530
737375,936,109565,40-44,M,10,1415,0,0.00,1,0,0.00000000,#DIV/0!,0.000000
737524,936,109601,40-44,M,30,2148,1,1.58,1,1,0.00046555,1.58,0.000736
737644,936,109629,45-49,M,16,45401,10,14.06,1,0,0.00022026,1.41,0.000310
737657,936,109633,45-49,M,18,7478,2,2.90,1,1,0.00026745,1.45,0.000388
737658,936,109633,45-49,M,18,4919,1,1.59,1,0,0.00020329,1.59,0.000323
737674,936,109637,45-49,M,20,533,0,0.00,1,1,0.00000000,#DIV/0!,0.000000
737766,936,109659,45-49,M,29,1447,0,0.00,1,1,0.00000000,#DIV/0!,0.000000
737896,936,109689,30-34,F,16,17553,3,4.59,1,0,0.00017091,1.53,0.000261
737931,936,109698,30-34,F,20,3343,1,0.54,1,0,0.00029913,0.54,0.000162
737961,936,109706,30-34,F,23,523,0,0.00,1,0,0.00000000,#DIV/0!,0.000000
737995,936,109714,30-34,F,26,1873,0,0.00,1,0,0.00000000,#DIV/0!,0.000000
738006,936,109717,30-34,F,27,34740,7,13.41,1,1,0.00020150,1.92,0.000386
738067,936,109731,30-34,F,32,658,0,0.00,1,0,0.00000000,#DIV/0!,0.000000
738098,936,109738,30-34,F,64,1539,0,0.00,1,0,0.00000000,#DIV/0!,0.000000
738307,936,109788,35-39,F,31,3010,1,0.86,1,1,0.00033223,0.86,0.000286
738389,936,109808,40-44,F,10,27081,9,10.77,1,1,0.00033234,1.20,0.000398
738408,936,109813,40-44,F,16,20233,4,5.59,3,0,0.00019770,1.40,0.000276
738413,936,109813,40-44,F,16,147159,36,58.16,3,1,0.00024463,1.62,0.000395
738423,936,109816,40-44,F,18,21664,7,10.62,1,1,0.00032312,1.52,0.000490
738436,936,109820,40-44,F,19,9112,4,5.46,1,1,0.00043898,1.37,0.000599
738463,936,109826,40-44,F,21,542,0,0.00,1,0,0.00000000,#DIV/0!,0.000000
738528,936,109839,40-44,F,30,402,0,0.00,1,1,0.00000000,#DIV/0!,0.000000
738560,936,109844,40-44,F,64,1338,0,0.00,1,0,0.00000000,#DIV/0!,0.000000
738582,936,109848,45-49,F,10,46150,15,20.18,1,1,0.00032503,1.35,0.000437
738592,936,109850,45-49,F,16,493821,116,176.38,4,1,0.00023490,1.52,0.000357
738593,936,109850,45-49,F,16,92011,27,34.39,2,1,0.00029344,1.27,0.000374
738598,936,109851,45-49,F,18,12956,4,5.49,1,1,0.00030874,1.37,0.000424
738606,936,109852,45-49,F,19,529,0,0.00,1,0,0.00000000,#DIV/0!,0.000000
738637,936,109857,45-49,F,24,944,1,1.42,1,0,0.00105932,1.42,0.001504
738648,936,109859,45-49,F,26,111090,38,51.97,5,1,0.00034206,1.37,0.000468
747212,936,110836,30-34,M,10,7208,2,3.19,1,0,0.00027747,1.60,0.000443
747213,936,110836,30-34,M,10,1746,0,0.00,1,0,0.00000000,#DIV/0!,0.000000
747220,936,110837,30-34,M,15,2474,0,0.00,2,2,0.00000000,#DIV/0!,0.000000
747222,936,110838,30-34,M,16,12489,2,1.96,1,0,0.00016014,0.98,0.000157
747223,936,110838,30-34,M,16,8032,1,0.60,2,0,0.00012450,0.60,0.000075
747248,936,110842,30-34,M,21,472,0,0.00,1,1,0.00000000,#DIV/0!,0.000000
747332,936,110856,30-34,M,64,792,0,0.00,1,1,0.00000000,#DIV/0!,0.000000
747362,936,110861,35-39,M,15,4607,1,1.15,1,1,0.00021706,1.15,0.000250
747369,936,110862,35-39,M,16,13355,2,3.18,1,1,0.00014976,1.59,0.000238
747370,936,110862,35-39,M,16,2936,0,0.00,1,0,0.00000000,#DIV/0!,0.000000
747401,936,110867,35-39,M,22,2793,1,0.98,1,1,0.00035804,0.98,0.000351
747435,936,110873,35-39,M,28,1032,0,0.00,1,0,0.00000000,#DIV/0!,0.000000
747439,936,110874,35-39,M,29,1662,0,0.00,1,1,0.00000000,#DIV/0!,0.000000
747489,936,110882,40-44,M,2,4016,2,1.48,1,1,0.00049801,0.74,0.000369
747514,936,110886,40-44,M,16,14843,3,2.94,1,1,0.00020212,0.98,0.000198
747645,936,110908,45-49,M,10,9674,3,4.60,1,1,0.00031011,1.53,0.000476
747659,936,110910,45-49,M,16,12186,2,2.67,1,0,0.00016412,1.33,0.000219
747675,936,110913,45-49,M,20,673,0,0.00,1,0,0.00000000,#DIV/0!,0.000000
747678,936,110914,45-49,M,21,370,0,0.00,1,1,0.00000000,#DIV/0!,0.000000
747712,936,110919,45-49,M,26,450,0,0.00,1,1,0.00000000,#DIV/0!,0.000000
747790,936,110932,30-34,F,10,2077,0,0.00,1,1,0.00000000,#DIV/0!,0.000000
747791,936,110932,30-34,F,10,31393,8,10.96,1,1,0.00025483,1.37,0.000349
747795,936,110933,30-34,F,15,8410,2,2.36,1,1,0.00023781,1.18,0.000281
747798,936,110934,30-34,F,16,25884,5,7.35,1,0,0.00019317,1.47,0.000284
747824,936,110938,30-34,F,21,608,0,0.00,1,1,0.00000000,#DIV/0!,0.000000
747828,936,110939,30-34,F,22,28488,10,9.34,1,0,0.00035102,0.93,0.000328
747852,936,110943,30-34,F,26,10126,3,4.62,1,0,0.00029627,1.54,0.000456
747859,936,110944,30-34,F,27,22572,5,8.50,1,0,0.00022151,1.70,0.000377
747863,936,110944,30-34,F,27,1955,0,0.00,1,1,0.00000000,#DIV/0!,0.000000
747879,936,110947,30-34,F,30,493,0,0.00,1,0,0.00000000,#DIV/0!,0.000000
747903,936,110951,30-34,F,63,1491,0,0.00,1,1,0.00000000,#DIV/0!,0.000000
747911,936,110952,30-34,F,64,1495,0,0.00,1,1,0.00000000,#DIV/0!,0.000000
747968,936,110962,35-39,F,21,512,0,0.00,0,0,0.00000000,#DIV/0!,0.000000
747991,936,110966,35-39,F,25,4868,2,2.42,1,0,0.00041085,1.21,0.000497
748000,936,110967,35-39,F,26,6585,2,2.95,1,0,0.00030372,1.48,0.000448
748007,936,110968,35-39,F,27,10164,2,3.72,1,1,0.00019677,1.86,0.000366
748014,936,110970,35-39,F,29,11182,4,4.45,1,0,0.00035772,1.11,0.000398
748045,936,110975,35-39,F,63,1238,0,0.00,1,0,0.00000000,#DIV/0!,0.000000
748086,936,110982,40-44,F,16,34127,8,13.07,1,0,0.00023442,1.63,0.000383
748087,936,110982,40-44,F,16,29466,7,10.85,2,0,0.00023756,1.55,0.000368
748089,936,110982,40-44,F,16,38759,9,10.85,1,0,0.00023220,1.21,0.000280
748091,936,110982,40-44,F,16,41720,10,12.06,1,1,0.00023969,1.21,0.000289
748225,936,111005,45-49,F,15,18602,5,8.86,1,0,0.00026879,1.77,0.000476
748230,936,111006,45-49,F,16,83929,21,27.73,4,1,0.00025021,1.32,0.000330
748231,936,111006,45-49,F,16,25194,6,7.35,1,0,0.00023815,1.22,0.000292
748233,936,111006,45-49,F,16,78627,19,26.53,1,0,0.00024165,1.40,0.000337
748235,936,111006,45-49,F,16,102695,25,39.43,3,0,0.00024344,1.58,0.000384
748294,936,111016,45-49,F,27,82827,24,47.93,3,0,0.00028976,2.00,0.000579
748295,936,111016,45-49,F,27,9240,3,6.04,1,0,0.00032468,2.01,0.000654
748303,936,111018,45-49,F,29,7706,2,2.37,1,0,0.00025954,1.18,0.000308
748314,936,111020,45-49,F,31,7821,4,6.34,1,1,0.00051144,1.59,0.000811
748341,936,111024,45-49,F,64,1363,0,0.00,1,1,0.00000000,#DIV/0!,0.000000
776318,936,115484,45-49,F,15,3569,0,0.00,1,1,0.00000000,#DIV/0!,0.000000
776322,936,115485,45-49,F,16,119063,34,53.22,1,0,0.00028556,1.57,0.000447
776323,936,115485,45-49,F,16,99078,23,35.80,2,0,0.00023214,1.56,0.000361
776325,936,115485,45-49,F,16,452398,114,180.22,1,0,0.00025199,1.58,0.000398
776334,936,115487,45-49,F,10,191223,48,76.41,1,0,0.00025102,1.59,0.000400
776336,936,115487,45-49,F,10,22216,6,9.55,1,0,0.00027008,1.59,0.000430
776338,936,115487,45-49,F,10,48291,11,18.02,1,0,0.00022779,1.64,0.000373
776353,936,115490,40-44,F,63,27559,8,13.37,1,0,0.00029029,1.67,0.000485
776373,936,115493,45-49,F,25,10194,4,4.59,2,1,0.00039239,1.15,0.000450
776383,936,115495,45-49,F,23,1168,0,0.00,1,1,0.00000000,#DIV/0!,0.000000
776405,936,115498,45-49,F,21,40126,16,25.86,1,0,0.00039874,1.62,0.000644
776416,936,115500,45-49,F,19,3659,1,0.49,1,1,0.00027330,0.49,0.000134
776430,936,115503,30-34,M,10,3200,0,0.00,1,0,0.00000000,#DIV/0!,0.000000
776464,936,115508,45-49,F,29,7550,1,1.68,1,1,0.00013245,1.68,0.000223
776469,936,115509,45-49,F,28,45397,15,25.42,1,1,0.00033042,1.69,0.000560
776473,936,115510,30-34,M,16,23086,2,3.31,1,1,0.00008663,1.66,0.000143
776475,936,115510,30-34,M,16,16425,1,1.55,1,0,0.00006088,1.55,0.000094
776476,936,115510,30-34,M,16,43756,5,5.44,0,0,0.00011427,1.09,0.000124
776477,936,115510,30-34,M,16,9982,0,0.00,1,0,0.00000000,#DIV/0!,0.000000
776489,936,115512,45-49,F,26,175389,55,81.61,1,0,0.00031359,1.48,0.000465
776494,936,115513,30-34,M,15,7015,0,0.00,1,0,0.00000000,#DIV/0!,0.000000
776515,936,115517,45-49,F,65,12706,3,4.99,1,1,0.00023611,1.66,0.000393
776519,936,115517,45-49,F,65,70702,20,31.71,1,0,0.00028288,1.59,0.000449
776533,936,115520,45-49,F,63,63927,16,25.52,2,0,0.00025029,1.60,0.000399
776534,936,115520,45-49,F,63,15105,3,4.26,1,0,0.00019861,1.42,0.000282
776538,936,115521,30-34,F,15,8774,1,1.83,1,0,0.00011397,1.83,0.000209
776551,936,115523,30-34,F,16,14459,1,1.39,1,0,0.00006916,1.39,0.000096
776552,936,115523,30-34,F,16,21596,2,2.81,1,0,0.00009261,1.40,0.000130
776553,936,115523,30-34,F,16,66765,8,11.05,1,0,0.00011982,1.38,0.000166
776563,936,115525,30-34,F,7,1369,0,0.00,1,1,0.00000000,#DIV/0!,0.000000
776579,936,115527,30-34,F,10,26910,5,7.23,1,0,0.00018580,1.45,0.000269
776603,936,115531,30-34,F,2,506,0,0.00,1,0,0.00000000,#DIV/0!,0.000000
776615,936,115533,45-49,M,63,11988,3,4.27,1,0,0.00025025,1.42,0.000356
776623,936,115535,45-49,M,64,19353,6,9.48,1,1,0.00031003,1.58,0.000490
776631,936,115536,40-44,M,29,10960,2,2.89,1,0,0.00018248,1.45,0.000264
776643,936,115538,30-34,M,15,33491,6,10.57,2,1,0.00017915,1.76,0.000316
776644,936,115538,30-34,M,15,20083,2,3.20,2,1,0.00009959,1.60,0.000159
776659,936,115541,30-34,M,16,8817,0,0.00,1,1,0.00000000,#DIV/0!,0.000000
776661,936,115541,30-34,M,16,15466,1,0.97,1,0,0.00006466,0.97,0.000063
776662,936,115541,30-34,M,16,27072,3,4.37,1,0,0.00011082,1.46,0.000161
776663,936,115541,30-34,M,16,15753,1,0.57,1,1,0.00006348,0.57,0.000036
776668,936,115542,40-44,M,19,3523,1,1.81,1,1,0.00028385,1.81,0.000514
776685,936,115545,40-44,M,16,7745,0,0.00,1,0,0.00000000,#DIV/0!,0.000000
776686,936,115545,40-44,M,16,18709,2,3.32,1,0,0.00010690,1.66,0.000177
776687,936,115545,40-44,M,16,8022,0,0.00,2,1,0.00000000,#DIV/0!,0.000000
776696,936,115547,30-34,M,10,7966,1,1.18,1,1,0.00012553,1.18,0.000148
776697,936,115547,30-34,M,10,4132,0,0.00,1,1,0.00000000,#DIV/0!,0.000000
776698,936,115547,30-34,M,10,12785,3,4.73,2,1,0.00023465,1.58,0.000370
776699,936,115547,30-34,M,10,8213,1,1.38,1,1,0.00012176,1.38,0.000168
776722,936,115551,30-34,M,2,545,0,0.00,1,1,0.00000000,#DIV/0!,0.000000
776725,936,115552,40-44,M,23,2479,1,1.26,1,0,0.00040339,1.26,0.000508
776780,936,115561,40-44,M,2,3812,2,3.05,1,0,0.00052466,1.52,0.000800
776793,936,115563,45-49,M,21,1609,0,0.00,1,0,0.00000000,#DIV/0!,0.000000
776799,936,115564,45-49,M,20,10257,3,3.58,1,1,0.00029248,1.19,0.000349
776817,936,115567,40-44,M,10,12356,4,6.28,1,0,0.00032373,1.57,0.000508
776825,936,115568,45-49,M,18,7410,1,1.21,1,0,0.00013495,1.21,0.000163
776829,936,115569,45-49,M,16,140098,28,46.63,1,0,0.00019986,1.67,0.000333
776831,936,115569,45-49,M,16,107021,20,34.44,1,0,0.00018688,1.72,0.000322
776840,936,115571,35-39,M,36,2797,1,1.29,1,0,0.00035753,1.29,0.000461
776861,936,115574,45-49,M,7,16461,6,9.22,1,0,0.00036450,1.54,0.000560
776892,936,115580,40-44,M,63,17488,5,7.72,1,0,0.00028591,1.54,0.000441
776928,936,115586,35-39,M,10,9750,2,1.50,1,1,0.00020513,0.75,0.000154
776935,936,115587,45-49,M,36,1136,0,0.00,1,1,0.00000000,#DIV/0!,0.000000
777105,936,115615,45-49,M,63,4333,1,0.18,1,1,0.00023079,0.18,0.000042
777130,936,115619,35-39,M,16,6260,0,0.00,1,0,0.00000000,#DIV/0!,0.000000
777131,936,115619,35-39,M,16,6359,0,0.00,1,0,0.00000000,#DIV/0!,0.000000
777166,936,115625,30-34,M,63,2383,0,0.00,1,1,0.00000000,#DIV/0!,0.000000
777187,936,115629,40-44,M,27,11292,3,5.39,1,1,0.00026567,1.80,0.000477
777198,936,115631,30-34,M,64,12729,4,5.78,1,0,0.00031424,1.44,0.000454
777200,936,115631,30-34,M,64,1898,0,0.00,1,1,0.00000000,#DIV/0!,0.000000
777201,936,115631,30-34,M,64,1882,0,0.00,1,1,0.00000000,#DIV/0!,0.000000
777235,936,115637,30-34,M,65,2883,1,0.99,1,1,0.00034686,0.99,0.000343
777248,936,115639,30-34,F,7,3989,1,1.28,1,0,0.00025069,1.28,0.000321
777261,936,115641,40-44,M,29,19603,4,5.28,1,1,0.00020405,1.32,0.000269
777382,936,115675,40-44,M,24,3047,1,1.38,1,0,0.00032819,1.38,0.000453
777398,936,115677,35-39,M,24,3029,1,1.05,1,1,0.00033014,1.05,0.000347
777410,936,115679,45-49,M,26,3490,1,1.34,1,1,0.00028653,1.34,0.000384
777482,936,115691,45-49,M,28,2479,0,0.00,1,0,0.00000000,#DIV/0!,0.000000
777495,936,115693,40-44,M,19,19581,7,10.43,2,0,0.00035749,1.49,0.000533
777519,936,115697,45-49,M,29,19537,5,6.10,1,0,0.00025592,1.22,0.000312
777625,936,115715,45-49,M,16,59433,12,19.66,3,0,0.00020191,1.64,0.000331
777627,936,115715,45-49,M,16,157534,33,56.19,2,0,0.00020948,1.70,0.000357
777638,936,115717,40-44,M,7,1781,0,0.00,1,1,0.00000000,#DIV/0!,0.000000
777670,936,115723,40-44,M,16,23769,4,6.03,1,0,0.00016829,1.51,0.000254
777673,936,115723,40-44,M,16,7101,0,0.00,1,0,0.00000000,#DIV/0!,0.000000
777742,936,115735,35-39,M,64,4726,1,1.83,1,1,0.00021160,1.83,0.000387
777758,936,115737,30-34,M,19,5209,1,0.96,2,0,0.00019198,0.96,0.000184
777794,936,115743,30-34,M,18,13473,3,2.62,3,0,0.00022267,0.87,0.000194
777816,936,115747,40-44,M,2,500,0,0.00,1,1,0.00000000,#DIV/0!,0.000000
777871,936,115756,30-34,M,20,4616,1,1.36,1,0,0.00021664,1.36,0.000295
777904,936,115762,30-34,M,31,3279,0,0.00,1,0,0.00000000,#DIV/0!,0.000000
777905,936,115762,30-34,M,31,3288,0,0.00,1,0,0.00000000,#DIV/0!,0.000000
778037,936,115784,35-39,M,27,14615,4,6.05,1,0,0.00027369,1.51,0.000414
778048,936,115786,30-34,M,27,56615,12,19.88,2,0,0.00021196,1.66,0.000351
778085,936,115792,30-34,M,26,11735,3,4.53,1,1,0.00025565,1.51,0.000386
778087,936,115792,30-34,M,26,15910,5,6.78,1,0,0.00031427,1.36,0.000426
778112,936,115796,35-39,M,29,11446,2,3.09,1,1,0.00017473,1.55,0.000270
778113,936,115796,35-39,M,29,4595,0,0.00,1,0,0.00000000,#DIV/0!,0.000000
778124,936,115798,30-34,M,29,4871,0,0.00,1,0,0.00000000,#DIV/0!,0.000000
778148,936,115802,35-39,M,28,3199,0,0.00,1,0,0.00000000,#DIV/0!,0.000000
778156,936,115804,30-34,M,28,9388,2,3.14,1,0,0.00021304,1.57,0.000334
778161,936,115804,30-34,M,28,17954,6,7.54,2,1,0.00033419,1.26,0.000420
778208,936,115812,40-44,F,29,2755,0,0.00,1,0,0.00000000,#DIV/0!,0.000000
778264,936,115822,40-44,F,27,8152,1,0.99,1,0,0.00012267,0.99,0.000121
778266,936,115822,40-44,F,27,74542,19,34.15,1,0,0.00025489,1.80,0.000458
778421,936,115848,40-44,F,20,6699,2,3.09,1,0,0.00029855,1.55,0.000461
778422,936,115848,40-44,F,20,11911,4,3.96,1,0,0.00033582,0.99,0.000332
778461,936,115854,40-44,M,29,10090,2,2.65,1,1,0.00019822,1.33,0.000263
778471,936,115856,30-34,M,32,1273,0,0.00,1,1,0.00000000,#DIV/0!,0.000000
778483,936,115858,40-44,F,18,24188,5,8.18,1,0,0.00020671,1.64,0.000338
778529,936,115866,30-34,M,31,2214,0,0.00,1,0,0.00000000,#DIV/0!,0.000000
778556,936,115870,40-44,M,32,9735,4,4.13,1,1,0.00041089,1.03,0.000424
778590,936,115876,30-34,M,30,1371,0,0.00,1,1,0.00000000,#DIV/0!,0.000000
778600,936,115878,40-44,F,22,10750,4,5.39,1,0,0.00037209,1.35,0.000501
778626,936,115882,30-34,M,29,7629,1,0.72,1,1,0.00013108,0.72,0.000094
778628,936,115882,30-34,M,29,4608,0,0.00,1,0,0.00000000,#DIV/0!,0.000000
778674,936,115890,35-39,M,29,3732,0,0.00,1,0,0.00000000,#DIV/0!,0.000000
778689,936,115892,30-34,M,28,7453,1,1.68,1,1,0.00013417,1.68,0.000225
778722,936,115898,35-39,F,64,41785,14,19.10,1,0,0.00033505,1.36,0.000457
778737,936,115900,35-39,M,27,8077,2,3.58,1,1,0.00024762,1.79,0.000443
778756,936,115904,35-39,F,63,5602,1,1.58,1,0,0.00017851,1.58,0.000282
778804,936,115912,30-34,M,26,6184,2,2.75,1,1,0.00032342,1.38,0.000445
778808,936,115912,30-34,M,26,1738,0,0.00,1,0,0.00000000,#DIV/0!,0.000000
778964,936,115938,35-39,F,27,112460,25,41.29,1,0,0.00022230,1.65,0.000367
779057,936,115954,40-44,M,15,4414,0,0.00,1,0,0.00000000,#DIV/0!,0.000000
779106,936,115962,35-39,F,30,14670,7,9.41,1,0,0.00047716,1.34,0.000641
779438,936,116031,30-34,F,64,33144,9,13.41,1,0,0.00027154,1.49,0.000405
779453,936,116033,45-49,M,64,4397,1,0.95,1,0,0.00022743,0.95,0.000216
779488,936,116039,45-49,M,65,1006,0,0.00,1,0,0.00000000,#DIV/0!,0.000000
779573,936,116053,35-39,F,10,89527,24,32.29,1,0,0.00026808,1.35,0.000361
779608,936,116059,35-39,F,15,2459,0,0.00,1,0,0.00000000,#DIV/0!,0.000000
779609,936,116059,35-39,F,15,7116,2,1.73,1,1,0.00028106,0.87,0.000243
779622,936,116061,30-34,F,15,8613,1,0.89,2,0,0.00011610,0.89,0.000103
779631,936,116063,35-39,F,16,9730,1,1.38,1,0,0.00010277,1.38,0.000142
779644,936,116065,30-34,F,16,51816,8,10.23,2,1,0.00015439,1.28,0.000197
779645,936,116065,30-34,F,16,27289,3,4.43,1,0,0.00010993,1.48,0.000162
779715,936,116077,30-34,F,29,20409,4,3.83,1,0,0.00019599,0.96,0.000188
779716,936,116077,30-34,F,29,8044,1,1.11,1,0,0.00012432,1.11,0.000138
779738,936,116081,30-34,F,28,15645,4,5.35,1,0,0.00025567,1.34,0.000342
779778,936,116087,30-34,F,31,2466,0,0.00,2,2,0.00000000,#DIV/0!,0.000000
779789,936,116089,45-49,M,10,11611,3,3.95,1,1,0.00025838,1.32,0.000340
779824,936,116095,45-49,M,7,9375,3,4.02,1,0,0.00032000,1.34,0.000429
779871,936,116103,30-34,F,32,4402,1,1.33,1,1,0.00022717,1.33,0.000302
779918,936,116111,30-34,F,18,8469,2,3.09,1,0,0.00023616,1.54,0.000365
779922,936,116111,30-34,F,18,5823,1,1.42,1,1,0.00017173,1.42,0.000244
779944,936,116115,35-39,M,10,2549,0,0.00,1,0,0.00000000,#DIV/0!,0.000000
779979,936,116121,35-39,M,16,25817,4,6.02,1,0,0.00015494,1.50,0.000233
779995,936,116123,30-34,F,20,1961,0,0.00,1,0,0.00000000,#DIV/0!,0.000000
780064,936,116135,30-34,F,22,2554,0,0.00,1,0,0.00000000,#DIV/0!,0.000000
780104,936,116147,30-34,F,25,4971,1,1.23,1,1,0.00020117,1.23,0.000247
780199,936,116163,35-39,F,23,1030,0,0.00,1,1,0.00000000,#DIV/0!,0.000000
780318,936,116183,45-49,F,29,162341,56,77.08,3,0,0.00034495,1.38,0.000475
780323,936,116183,45-49,F,29,24542,7,9.33,1,0,0.00028523,1.33,0.000380
780486,936,116216,30-34,F,65,2879,0,0.00,1,1,0.00000000,#DIV/0!,0.000000
780498,936,116218,30-34,F,64,13621,3,4.09,1,0,0.00022025,1.36,0.000300
780511,936,116220,30-34,F,63,6175,1,1.37,2,1,0.00016194,1.37,0.000222
780629,936,116240,30-34,F,28,2963,0,0.00,1,0,0.00000000,#DIV/0!,0.000000
780653,936,116244,30-34,F,29,9076,1,1.38,1,1,0.00011018,1.38,0.000152
780655,936,116244,30-34,F,29,20941,4,5.91,1,1,0.00019101,1.48,0.000282
780666,936,116246,45-49,F,10,3462,0,0.00,1,0,0.00000000,#DIV/0!,0.000000
780681,936,116248,30-34,F,26,4073,0,0.00,1,1,0.00000000,#DIV/0!,0.000000
780700,936,116252,30-34,F,27,3745,0,0.00,1,0,0.00000000,#DIV/0!,0.000000
780748,936,116265,30-34,F,24,830,0,0.00,1,0,0.00000000,#DIV/0!,0.000000
780759,936,116267,45-49,F,18,2912,0,0.00,1,0,0.00000000,#DIV/0!,0.000000
780760,936,116267,45-49,F,18,17167,5,6.91,1,0,0.00029126,1.38,0.000403
780797,936,116273,30-34,F,22,24491,7,9.54,1,0,0.00028582,1.36,0.000390
780799,936,116273,30-34,F,22,44699,13,17.30,2,0,0.00029083,1.33,0.000387
780821,936,116277,30-34,F,23,6469,2,1.31,1,0,0.00030917,0.65,0.000203
780830,936,116279,45-49,F,16,16053,3,4.08,1,1,0.00018688,1.36,0.000254
780835,936,116279,45-49,F,16,54724,12,17.93,1,1,0.00021928,1.49,0.000328
780867,936,116285,30-34,F,21,4706,1,1.22,1,0,0.00021249,1.22,0.000259
780974,936,116303,40-44,F,32,8316,3,4.57,1,1,0.00036075,1.52,0.000550
781066,936,116323,40-44,F,22,5794,2,2.27,1,0,0.00034518,1.13,0.000392
781114,936,116331,40-44,F,18,4813,1,1.03,1,0,0.00020777,1.03,0.000214
781159,936,116339,40-44,F,10,85285,26,36.13,1,0,0.00030486,1.39,0.000424
781162,936,116339,40-44,F,10,5839,1,1.37,1,0,0.00017126,1.37,0.000235
781175,936,116341,40-44,F,15,5859,1,1.54,1,0,0.00017068,1.54,0.000263
781187,936,116343,40-44,F,16,164118,41,59.07,1,0,0.00024982,1.44,0.000360
781195,936,116345,35-39,F,63,18234,6,7.81,1,0,0.00032906,1.30,0.000428
781207,936,116347,35-39,F,64,2755,0,0.00,1,0,0.00000000,#DIV/0!,0.000000
781303,936,116363,35-39,F,27,73676,20,28.50,1,0,0.00027146,1.43,0.000387
781305,936,116363,35-39,F,27,18421,7,10.08,1,0,0.00038000,1.44,0.000547
781327,936,116367,35-39,F,29,164754,49,67.98,2,1,0.00029741,1.39,0.000413
781353,936,116371,35-39,F,10,7449,1,1.64,1,1,0.00013425,1.64,0.000220
781354,936,116371,35-39,F,10,6424,1,0.53,1,0,0.00015567,0.53,0.000083
781438,936,116385,30-34,M,63,2086,0,0.00,1,0,0.00000000,#DIV/0!,0.000000
781470,936,116391,35-39,M,16,6016,0,0.00,1,0,0.00000000,#DIV/0!,0.000000
781499,936,116395,35-39,M,15,6412,1,1.37,1,0,0.00015596,1.37,0.000214
781508,936,116397,30-34,F,63,5040,1,1.44,1,0,0.00019841,1.44,0.000286
781556,936,116405,30-34,F,32,1772,0,0.00,1,0,0.00000000,#DIV/0!,0.000000
781559,936,116405,30-34,F,32,1783,0,0.00,1,0,0.00000000,#DIV/0!,0.000000
781606,936,116413,35-39,M,20,8200,3,3.92,1,0,0.00036585,1.31,0.000478
781690,936,116427,45-49,F,26,115896,38,49.44,1,0,0.00032788,1.30,0.000427
781811,936,116447,35-39,F,16,10186,1,1.23,1,1,0.00009817,1.23,0.000121
781857,936,116455,30-34,M,20,9134,3,4.18,2,0,0.00032844,1.39,0.000458
781858,936,116455,30-34,M,20,3385,1,1.44,1,1,0.00029542,1.44,0.000425
781907,936,116463,45-49,F,21,1314,0,0.00,1,0,0.00000000,#DIV/0!,0.000000
781928,936,116467,30-34,M,18,2916,0,0.00,1,1,0.00000000,#DIV/0!,0.000000
781929,936,116467,30-34,M,18,6142,1,1.33,1,0,0.00016281,1.33,0.000217
781950,936,116471,30-34,F,20,1984,0,0.00,1,0,0.00000000,#DIV/0!,0.000000
781999,936,116479,30-34,M,24,9142,3,3.75,1,0,0.00032816,1.25,0.000410
782001,936,116479,30-34,M,24,5475,2,2.73,1,1,0.00036530,1.37,0.000499
782022,936,116483,30-34,F,18,8254,2,2.32,1,1,0.00024231,1.16,0.000281
782026,936,116483,30-34,F,18,5704,1,1.32,1,0,0.00017532,1.32,0.000231
782130,936,116501,30-34,F,16,7301,0,0.00,1,0,0.00000000,#DIV/0!,0.000000
782134,936,116501,30-34,F,16,37873,5,6.17,1,1,0.00013202,1.23,0.000163
782135,936,116501,30-34,F,16,25267,4,4.94,2,1,0.00015831,1.24,0.000196
782171,936,116507,30-34,F,30,535,0,0.00,1,0,0.00000000,#DIV/0!,0.000000
782180,936,116509,30-34,M,29,3396,0,0.00,1,0,0.00000000,#DIV/0!,0.000000
782219,936,116515,30-34,M,26,977,0,0.00,1,0,0.00000000,#DIV/0!,0.000000
782228,936,116517,40-44,F,63,12318,5,6.34,1,1,0.00040591,1.27,0.000515
782242,936,116519,30-34,F,28,4783,1,0.86,1,0,0.00020907,0.86,0.000180
782275,936,116525,30-34,F,29,6475,1,1.35,1,0,0.00015444,1.35,0.000208
782337,936,116535,45-49,F,16,104578,29,39.25,1,1,0.00027730,1.35,0.000375
782407,936,116547,45-49,F,10,33664,11,12.51,1,0,0.00032676,1.14,0.000372
782443,936,116553,40-44,F,20,979,0,0.00,1,0,0.00000000,#DIV/0!,0.000000
782541,936,116569,40-44,F,28,7337,3,4.08,1,0,0.00040889,1.36,0.000556
782587,936,116577,30-34,M,10,2499,0,0.00,1,0,0.00000000,#DIV/0!,0.000000
782647,936,116587,40-44,F,27,11244,3,4.55,1,0,0.00026681,1.52,0.000405
782658,936,116589,30-34,M,15,4827,0,0.00,1,0,0.00000000,#DIV/0!,0.000000
782694,936,116595,35-39,F,29,29035,7,8.91,2,2,0.00024109,1.27,0.000307
782706,936,116597,35-39,F,30,761,0,0.00,1,0,0.00000000,#DIV/0!,0.000000
782754,936,116605,35-39,F,26,6532,1,1.61,1,0,0.00015309,1.61,0.000246
782815,936,116615,40-44,F,10,11537,3,4.30,1,0,0.00026003,1.43,0.000373
782816,936,116615,40-44,F,10,12183,3,2.87,1,0,0.00024624,0.96,0.000236
782862,936,116623,35-39,F,64,5912,1,1.56,1,1,0.00016915,1.56,0.000264
950068,936,123438,30-34,M,10,4012,1,1.57,1,0,0.00024925,1.57,0.000391
950078,936,123440,30-34,M,16,12396,2,3.21,2,1,0.00016134,1.61,0.000259
950079,936,123440,30-34,M,16,3142,0,0.00,2,2,0.00000000,#DIV/0!,0.000000
950099,936,123443,30-34,M,18,1120,0,0.00,1,0,0.00000000,#DIV/0!,0.000000
950109,936,123445,30-34,M,20,343,0,0.00,1,1,0.00000000,#DIV/0!,0.000000
950170,936,123455,30-34,M,15,1720,0,0.00,1,1,0.00000000,#DIV/0!,0.000000
950179,936,123457,30-34,M,16,3423,0,0.00,1,1,0.00000000,#DIV/0!,0.000000
950182,936,123457,30-34,M,16,3242,0,0.00,1,0,0.00000000,#DIV/0!,0.000000
950183,936,123457,30-34,M,16,15720,1,1.38,1,0,0.00006361,1.38,0.000088
950200,936,123460,30-34,M,10,1217,0,0.00,1,1,0.00000000,#DIV/0!,0.000000
950224,936,123464,40-44,M,20,2367,2,2.84,1,1,0.00084495,1.42,0.001200
950326,936,123481,35-39,M,16,6607,1,1.32,2,0,0.00015135,1.32,0.000200
950345,936,123484,30-34,M,64,616,0,0.00,1,0,0.00000000,#DIV/0!,0.000000
950452,936,123502,45-49,M,16,5537,1,1.52,1,0,0.00018060,1.52,0.000275
950463,936,123504,45-49,M,15,818,0,0.00,1,0,0.00000000,#DIV/0!,0.000000
950495,936,123509,45-49,M,21,1909,1,0.98,1,0,0.00052383,0.98,0.000513
950521,936,123514,30-34,M,21,351,0,0.00,1,0,0.00000000,#DIV/0!,0.000000
950531,936,123515,45-49,M,22,572,0,0.00,1,0,0.00000000,#DIV/0!,0.000000
950537,936,123516,40-44,M,36,1884,1,1.41,1,0,0.00053079,1.41,0.000748
950550,936,123519,30-34,M,30,219,0,0.00,1,0,0.00000000,#DIV/0!,0.000000
950577,936,123523,30-34,M,32,540,0,0.00,1,1,0.00000000,#DIV/0!,0.000000
950578,936,123523,30-34,M,32,550,0,0.00,1,0,0.00000000,#DIV/0!,0.000000
950595,936,123526,30-34,M,26,465,0,0.00,1,0,0.00000000,#DIV/0!,0.000000
950609,936,123528,30-34,M,29,1761,0,0.00,1,1,0.00000000,#DIV/0!,0.000000
950629,936,123532,30-34,M,65,152,0,0.00,1,1,0.00000000,#DIV/0!,0.000000
950631,936,123532,30-34,M,65,152,0,0.00,1,1,0.00000000,#DIV/0!,0.000000
950649,936,123535,30-34,M,64,429,0,0.00,1,0,0.00000000,#DIV/0!,0.000000
950745,936,123551,30-34,M,29,1514,0,0.00,2,2,0.00000000,#DIV/0!,0.000000
950770,936,123555,30-34,M,28,7780,3,4.33,2,2,0.00038560,1.44,0.000557
950772,936,123556,35-39,M,28,460,0,0.00,1,0,0.00000000,#DIV/0!,0.000000
950773,936,123556,35-39,M,28,471,0,0.00,1,0,0.00000000,#DIV/0!,0.000000
950776,936,123556,35-39,M,28,2633,1,1.07,1,0,0.00037979,1.07,0.000406
950787,936,123558,30-34,M,27,199,0,0.00,1,0,0.00000000,#DIV/0!,0.000000
950808,936,123562,35-39,M,32,398,0,0.00,1,0,0.00000000,#DIV/0!,0.000000
950839,936,123567,30-34,M,24,246,0,0.00,2,2,0.00000000,#DIV/0!,0.000000
950878,936,123573,40-44,M,10,2967,1,1.50,1,1,0.00033704,1.50,0.000506
950969,936,123588,45-49,M,36,255,0,0.00,1,0,0.00000000,#DIV/0!,0.000000
951021,936,123597,30-34,F,7,457,0,0.00,1,1,0.00000000,#DIV/0!,0.000000
951033,936,123599,30-34,F,10,5517,1,1.23,1,0,0.00018126,1.23,0.000223
951035,936,123599,30-34,F,10,1539,0,0.00,1,1,0.00000000,#DIV/0!,0.000000
951043,936,123601,30-34,F,16,3189,0,0.00,1,0,0.00000000,#DIV/0!,0.000000
951045,936,123601,30-34,F,16,3348,0,0.00,1,0,0.00000000,#DIV/0!,0.000000
951046,936,123601,30-34,F,16,20050,4,4.66,4,1,0.00019950,1.16,0.000232
951102,936,123611,45-49,M,16,2254,0,0.00,1,0,0.00000000,#DIV/0!,0.000000
951105,936,123611,45-49,M,16,5894,1,1.54,1,1,0.00016966,1.54,0.000261
951133,936,123616,35-39,M,16,9948,2,2.72,2,0,0.00020105,1.36,0.000273
951202,936,123627,45-49,F,26,5307,3,4.29,2,1,0.00056529,1.43,0.000808
951225,936,123631,35-39,F,22,4621,2,3.25,1,1,0.00043281,1.63,0.000703
951270,936,123639,35-39,F,18,784,0,0.00,1,1,0.00000000,#DIV/0!,0.000000
951282,936,123641,35-39,F,16,5775,1,1.58,1,1,0.00017316,1.58,0.000274
951285,936,123641,35-39,F,16,9297,2,2.62,2,1,0.00021512,1.31,0.000282
951294,936,123643,35-39,F,15,699,0,0.00,1,0,0.00000000,#DIV/0!,0.000000
951305,936,123644,35-39,F,10,1104,0,0.00,1,0,0.00000000,#DIV/0!,0.000000
951334,936,123649,30-34,F,64,3717,1,1.54,1,0,0.00026903,1.54,0.000414
951391,936,123659,30-34,F,28,2879,1,1.59,2,2,0.00034734,1.59,0.000552
951392,936,123659,30-34,F,28,2749,1,1.39,1,0,0.00036377,1.39,0.000506
951400,936,123660,45-49,F,10,24028,9,12.39,2,0,0.00037456,1.38,0.000516
951402,936,123661,30-34,F,29,1118,0,0.00,1,1,0.00000000,#DIV/0!,0.000000
951413,936,123662,30-34,F,26,1083,0,0.00,2,1,0.00000000,#DIV/0!,0.000000
951420,936,123664,30-34,F,27,843,0,0.00,1,0,0.00000000,#DIV/0!,0.000000
951444,936,123668,30-34,F,25,2983,1,0.97,1,0,0.00033523,0.97,0.000325
951448,936,123668,30-34,F,25,696,0,0.00,1,0,0.00000000,#DIV/0!,0.000000
951462,936,123671,45-49,F,16,7589,2,3.15,1,1,0.00026354,1.58,0.000415
951464,936,123671,45-49,F,16,20997,10,11.95,1,0,0.00047626,1.19,0.000569
951465,936,123671,45-49,F,16,4617,1,1.36,1,0,0.00021659,1.36,0.000295
951498,936,123677,45-49,F,20,259,0,0.00,1,0,0.00000000,#DIV/0!,0.000000
951508,936,123678,30-34,F,18,1134,0,0.00,1,0,0.00000000,#DIV/0!,0.000000
951542,936,123684,40-44,F,27,357,0,0.00,1,0,0.00000000,#DIV/0!,0.000000
951607,936,123695,40-44,F,10,848,0,0.00,1,1,0.00000000,#DIV/0!,0.000000
951608,936,123695,40-44,F,10,3149,1,1.48,1,0,0.00031756,1.48,0.000470
951641,936,123700,40-44,F,2,87,0,0.00,1,1,0.00000000,#DIV/0!,0.000000
951677,936,123706,35-39,F,27,2563,1,1.48,1,0,0.00039017,1.48,0.000577
951692,936,123709,35-39,F,10,1107,0,0.00,1,0,0.00000000,#DIV/0!,0.000000
951715,936,123713,45-49,F,64,10677,5,7.27,1,0,0.00046830,1.45,0.000681
951756,936,123720,35-39,F,22,2189,1,0.41,1,0,0.00045683,0.41,0.000187
951779,936,123723,45-49,F,27,3277,2,2.68,1,0,0.00061031,1.34,0.000818
951782,936,123724,45-49,F,26,781,0,0.00,1,0,0.00000000,#DIV/0!,0.000000
951810,936,123729,35-39,F,16,2226,0,0.00,1,0,0.00000000,#DIV/0!,0.000000
951812,936,123729,35-39,F,16,16274,4,6.08,2,0,0.00024579,1.52,0.000374
951837,936,123733,45-49,F,20,2077,1,1.51,1,1,0.00048146,1.51,0.000727
951853,936,123736,30-34,F,20,529,0,0.00,0,0,0.00000000,#DIV/0!,0.000000
951854,936,123736,30-34,F,20,487,0,0.00,1,0,0.00000000,#DIV/0!,0.000000
951856,936,123736,30-34,F,20,4626,2,2.10,2,0,0.00043234,1.05,0.000454
951941,936,123750,30-34,F,28,2764,1,1.56,1,1,0.00036179,1.56,0.000564
952001,936,123760,45-49,F,10,5447,2,2.96,1,0,0.00036717,1.48,0.000543
952031,936,123765,40-44,F,16,28169,8,12.37,1,1,0.00028400,1.55,0.000439
952080,936,123774,40-44,F,27,415,0,0.00,1,0,0.00000000,#DIV/0!,0.000000
952100,936,123777,35-39,F,29,810,0,0.00,1,1,0.00000000,#DIV/0!,0.000000
1121091,1178,144531,30-34,M,10,1194718,141,254.05,28,14,0.00011802,1.80,0.000213
1121092,1178,144531,30-34,M,10,637648,67,122.40,13,5,0.00010507,1.83,0.000192
1121094,1178,144531,30-34,M,10,24362,0,0.00,1,1,0.00000000,#DIV/0!,0.000000
1121095,1178,144531,30-34,M,10,459690,50,86.33,5,2,0.00010877,1.73,0.000188
1121096,1178,144531,30-34,M,10,750060,86,161.91,11,2,0.00011466,1.88,0.000216
1121097,1178,144532,30-34,M,15,30068,1,1.82,1,0,0.00003326,1.82,0.000061
1121098,1178,144532,30-34,M,15,1267550,123,236.77,24,10,0.00009704,1.92,0.000187
1121100,1178,144532,30-34,M,15,3052003,340,639.95,60,17,0.00011140,1.88,0.000210
1121101,1178,144532,30-34,M,15,29945,1,1.59,2,1,0.00003339,1.59,0.000053
1121102,1178,144532,30-34,M,15,357856,30,52.97,7,3,0.00008383,1.77,0.000148
1121104,1178,144533,30-34,M,16,2080666,202,360.15,40,21,0.00009708,1.78,0.000173
1121105,1178,144533,30-34,M,16,145999,9,16.52,5,2,0.00006164,1.84,0.000113
1121107,1178,144533,30-34,M,16,32616,1,1.54,2,0,0.00003066,1.54,0.000047
1121108,1178,144533,30-34,M,16,984521,95,163.90,26,14,0.00009649,1.73,0.000166
1121110,1178,144534,30-34,M,18,880814,123,210.36,6,2,0.00013964,1.71,0.000239
1121111,1178,144534,30-34,M,18,182452,20,35.73,4,1,0.00010962,1.79,0.000196
1121113,1178,144534,30-34,M,18,894911,120,215.84,7,4,0.00013409,1.80,0.000241
1121114,1178,144534,30-34,M,18,31349,2,3.80,1,0,0.00006380,1.90,0.000121
1121115,1178,144535,30-34,M,19,410310,55,96.80,3,0,0.00013404,1.76,0.000236
1121116,1178,144535,30-34,M,19,572450,89,157.33,7,4,0.00015547,1.77,0.000275
1121117,1178,144535,30-34,M,19,98759,15,26.57,1,1,0.00015188,1.77,0.000269
1121119,1178,144535,30-34,M,19,345371,54,93.09,7,3,0.00015635,1.72,0.000270
1121121,1178,144536,30-34,M,20,323899,46,78.92,5,1,0.00014202,1.72,0.000244
1121122,1178,144536,30-34,M,20,399199,58,103.15,3,0,0.00014529,1.78,0.000258
1121123,1178,144536,30-34,M,20,171202,22,36.53,3,1,0.00012850,1.66,0.000213
1121124,1178,144536,30-34,M,20,128386,15,28.85,2,1,0.00011684,1.92,0.000225
1121125,1178,144536,30-34,M,20,1034284,152,257.71,20,9,0.00014696,1.70,0.000249
1121126,1178,144536,30-34,M,20,45923,5,7.22,2,0,0.00010888,1.44,0.000157
1121127,1178,144537,30-34,M,21,40873,4,7.90,2,1,0.00009786,1.97,0.000193
1121128,1178,144537,30-34,M,21,286553,34,62.06,2,1,0.00011865,1.83,0.000217
1121129,1178,144537,30-34,M,21,20618,1,2.10,2,1,0.00004850,2.10,0.000102
1121131,1178,144537,30-34,M,21,83591,7,14.14,2,2,0.00008374,2.02,0.000169
1121132,1178,144537,30-34,M,21,114923,12,23.73,4,2,0.00010442,1.98,0.000206
1121133,1178,144538,30-34,M,22,25002,1,1.71,1,0,0.00004000,1.71,0.000068
1121134,1178,144538,30-34,M,22,68905,5,9.44,1,0,0.00007256,1.89,0.000137
1121136,1178,144538,30-34,M,22,169588,16,27.80,1,0,0.00009435,1.74,0.000164
1121138,1178,144538,30-34,M,22,328991,35,67.65,5,2,0.00010639,1.93,0.000206
1121141,1178,144539,30-34,M,23,23198,2,2.98,1,0,0.00008621,1.49,0.000128
1121142,1178,144539,30-34,M,23,26890,2,3.24,1,0,0.00007438,1.62,0.000120
1121143,1178,144539,30-34,M,23,221695,31,52.26,5,2,0.00013983,1.69,0.000236
1121152,1178,144541,30-34,M,24,88443,7,13.04,1,1,0.00007915,1.86,0.000147
1121153,1178,144541,30-34,M,24,187856,23,38.39,5,1,0.00012243,1.67,0.000204
1121164,1178,144545,30-34,M,25,570699,80,138.77,9,2,0.00014018,1.73,0.000243
1121167,1178,144545,30-34,M,25,1063508,145,260.38,23,7,0.00013634,1.80,0.000245
1121168,1178,144545,30-34,M,25,50523,6,8.55,1,0,0.00011876,1.42,0.000169
1121172,1178,144547,30-34,M,26,87935,9,15.63,1,0,0.00010235,1.74,0.000178
1121173,1178,144547,30-34,M,26,278225,33,60.20,3,0,0.00011861,1.82,0.000216
1121175,1178,144547,30-34,M,26,209461,20,34.19,1,0,0.00009548,1.71,0.000163
1121177,1178,144547,30-34,M,26,26316,2,3.24,3,0,0.00007600,1.62,0.000123
1121181,1178,144549,30-34,M,27,41030,3,5.14,2,1,0.00007312,1.71,0.000125
1121182,1178,144549,30-34,M,27,876671,120,216.56,22,4,0.00013688,1.80,0.000247
1121183,1178,144549,30-34,M,27,399392,53,93.07,5,0,0.00013270,1.76,0.000233
1121184,1178,144549,30-34,M,27,283858,30,56.06,1,0,0.00010569,1.87,0.000197
1121185,1178,144549,30-34,M,27,260699,31,54.10,5,2,0.00011891,1.75,0.000208
1121193,1178,144552,30-34,M,28,57781,5,7.80,2,1,0.00008653,1.56,0.000135
1121195,1178,144552,30-34,M,28,38757,3,5.22,1,0,0.00007741,1.74,0.000135
1121196,1178,144552,30-34,M,28,1392288,206,358.55,31,7,0.00014796,1.74,0.000258
1121197,1178,144552,30-34,M,28,1109387,159,280.99,13,2,0.00014332,1.77,0.000253
1121202,1178,144554,30-34,M,29,581281,65,115.12,10,5,0.00011182,1.77,0.000198
1121203,1178,144554,30-34,M,29,1048861,128,219.77,22,8,0.00012204,1.72,0.000210
1121205,1178,144554,30-34,M,29,297452,30,52.02,4,1,0.00010086,1.73,0.000175
1121206,1178,144554,30-34,M,29,227925,22,35.31,22,12,0.00009652,1.60,0.000155
1121207,1178,144554,30-34,M,29,374175,38,63.32,8,3,0.00010156,1.67,0.000169
1121211,1178,144556,30-34,M,30,223586,32,54.24,1,0,0.00014312,1.70,0.000243
1121213,1178,144556,30-34,M,30,283170,39,65.23,2,1,0.00013773,1.67,0.000230
1121215,1178,144556,30-34,M,30,41636,3,4.21,1,0,0.00007205,1.40,0.000101
1121216,1178,144556,30-34,M,30,198658,30,48.61,8,1,0.00015101,1.62,0.000245
1121220,1178,144558,30-34,M,31,100596,10,13.92,4,2,0.00009941,1.39,0.000138
1121223,1178,144558,30-34,M,31,64020,5,11.06,1,0,0.00007810,2.21,0.000173
1121224,1178,144558,30-34,M,31,14289,0,0.00,1,0,0.00000000,#DIV/0!,0.000000
1121229,1178,144561,30-34,M,32,404866,43,87.42,4,0,0.00010621,2.03,0.000216
1121231,1178,144561,30-34,M,32,22256,1,1.66,1,1,0.00004493,1.66,0.000075
1121233,1178,144561,30-34,M,32,57690,4,6.74,1,0,0.00006934,1.69,0.000117
1121241,1178,144562,30-34,M,36,24952,5,8.22,3,2,0.00020038,1.64,0.000329
1121242,1178,144562,30-34,M,36,38900,3,5.58,1,0,0.00007712,1.86,0.000143
1121243,1178,144562,30-34,M,36,53520,6,9.23,1,1,0.00011211,1.54,0.000172
1121244,1178,144562,30-34,M,36,181683,20,34.23,2,1,0.00011008,1.71,0.000188
1121245,1178,144562,30-34,M,36,29185,2,3.15,1,0,0.00006853,1.57,0.000108
1121246,1178,144562,30-34,M,36,105047,13,20.21,3,1,0.00012375,1.55,0.000192
1121250,1178,144565,30-34,M,63,287976,31,59.44,3,2,0.00010765,1.92,0.000206
1121251,1178,144565,30-34,M,63,212175,22,38.59,2,1,0.00010369,1.75,0.000182
1121252,1178,144565,30-34,M,63,11139,0,0.00,1,1,0.00000000,#DIV/0!,0.000000
1121254,1178,144565,30-34,M,63,124005,11,21.85,4,1,0.00008871,1.99,0.000176
1121255,1178,144565,30-34,M,63,20423,1,1.96,1,0,0.00004896,1.96,0.000096
1121261,1178,144567,30-34,M,64,103001,14,22.32,1,0,0.00013592,1.59,0.000217
1121262,1178,144567,30-34,M,64,447420,66,110.24,7,2,0.00014751,1.67,0.000246
1121263,1178,144567,30-34,M,64,156101,19,29.75,2,2,0.00012172,1.57,0.000191
1121264,1178,144567,30-34,M,64,93015,12,18.47,1,0,0.00012901,1.54,0.000199
1121265,1178,144568,30-34,M,65,145398,23,36.24,1,0,0.00015819,1.58,0.000249
1121269,1178,144568,30-34,M,65,296413,50,76.44,3,1,0.00016868,1.53,0.000258
1121273,1178,144569,30-34,M,2,9370,0,0.00,1,1,0.00000000,#DIV/0!,0.000000
1121274,1178,144569,30-34,M,2,63785,7,11.80,6,2,0.00010974,1.69,0.000185
1121275,1178,144569,30-34,M,2,118522,14,26.82,2,1,0.00011812,1.92,0.000226
1121276,1178,144569,30-34,M,2,240123,38,65.67,5,4,0.00015825,1.73,0.000273
1121277,1178,144570,30-34,M,7,169108,20,32.24,2,1,0.00011827,1.61,0.000191
1121278,1178,144570,30-34,M,7,1044442,142,245.60,22,8,0.00013596,1.73,0.000235
1121279,1178,144570,30-34,M,7,93891,11,17.64,5,3,0.00011716,1.60,0.000188
1121282,1178,144570,30-34,M,7,185823,25,38.55,4,1,0.00013454,1.54,0.000207
1121284,1178,144571,30-34,M,66,175631,23,40.76,1,0,0.00013096,1.77,0.000232
1121285,1178,144571,30-34,M,66,37187,4,6.37,1,0,0.00010756,1.59,0.000171
1121286,1178,144571,30-34,M,66,10991,0,0.00,1,0,0.00000000,#DIV/0!,0.000000
1121287,1178,144571,30-34,M,66,344618,51,89.76,3,1,0.00014799,1.76,0.000260
1121289,1178,144572,35-39,M,10,98066,9,16.15,1,0,0.00009177,1.79,0.000165
1121290,1178,144572,35-39,M,10,770749,100,189.13,13,3,0.00012974,1.89,0.000245
1121291,1178,144572,35-39,M,10,52553,5,8.53,1,0,0.00009514,1.71,0.000162
1121292,1178,144572,35-39,M,10,362296,39,67.77,7,3,0.00010765,1.74,0.000187
1121293,1178,144572,35-39,M,10,427729,50,96.90,4,1,0.00011690,1.94,0.000227
1121296,1178,144573,35-39,M,15,180351,21,37.13,1,1,0.00011644,1.77,0.000206
1121297,1178,144573,35-39,M,15,187329,29,53.16,2,1,0.00015481,1.83,0.000284
1121300,1178,144573,35-39,M,15,782894,118,192.93,5,2,0.00015072,1.63,0.000246
1121302,1178,144574,35-39,M,16,1206533,128,236.12,17,6,0.00010609,1.84,0.000196
1121303,1178,144574,35-39,M,16,84494,7,12.57,2,0,0.00008285,1.80,0.000149
1121304,1178,144574,35-39,M,16,94257,7,12.58,1,1,0.00007427,1.80,0.000133
1121309,1178,144575,35-39,M,18,131060,16,28.05,2,1,0.00012208,1.75,0.000214
1121310,1178,144575,35-39,M,18,341603,50,83.48,4,2,0.00014637,1.67,0.000244
1121311,1178,144575,35-39,M,18,140749,19,30.48,1,1,0.00013499,1.60,0.000217
1121312,1178,144575,35-39,M,18,102525,13,20.30,2,1,0.00012680,1.56,0.000198
1121316,1178,144576,35-39,M,19,447952,68,131.58,8,1,0.00015180,1.93,0.000294
1121317,1178,144576,35-39,M,19,76355,9,14.63,2,0,0.00011787,1.63,0.000192
1121319,1178,144577,35-39,M,20,256598,38,64.47,6,1,0.00014809,1.70,0.000251
1121321,1178,144577,35-39,M,20,127476,21,30.15,3,2,0.00016474,1.44,0.000237
1121322,1178,144577,35-39,M,20,237603,37,62.25,5,2,0.00015572,1.68,0.000262
1121327,1178,144578,35-39,M,21,271091,42,78.04,3,1,0.00015493,1.86,0.000288
1121330,1178,144578,35-39,M,21,21743,2,3.40,1,0,0.00009198,1.70,0.000156
1121333,1178,144579,35-39,M,22,88970,10,14.83,2,0,0.00011240,1.48,0.000167
1121334,1178,144579,35-39,M,22,108362,13,22.43,1,1,0.00011997,1.73,0.000207
1121335,1178,144579,35-39,M,22,188596,27,44.14,3,0,0.00014316,1.63,0.000234
1121336,1178,144579,35-39,M,22,275080,43,69.66,4,3,0.00015632,1.62,0.000253
1121337,1178,144580,35-39,M,23,64647,10,16.27,1,0,0.00015469,1.63,0.000252
1121338,1178,144580,35-39,M,23,31265,4,5.79,1,0,0.00012794,1.45,0.000185
1121340,1178,144580,35-39,M,23,140147,24,42.08,2,0,0.00017125,1.75,0.000300
1121341,1178,144580,35-39,M,23,223120,40,67.67,1,0,0.00017928,1.69,0.000303
1121342,1178,144580,35-39,M,23,104869,18,34.07,1,0,0.00017164,1.89,0.000325
1121344,1178,144581,35-39,M,24,165177,23,41.72,4,1,0.00013924,1.81,0.000253
1121345,1178,144581,35-39,M,24,84194,11,19.57,1,0,0.00013065,1.78,0.000232
1121347,1178,144581,35-39,M,24,220581,31,57.37,1,1,0.00014054,1.85,0.000260
1121350,1178,144582,35-39,M,25,75804,10,17.37,2,1,0.00013192,1.74,0.000229
1121352,1178,144582,35-39,M,25,368986,59,100.29,0,0,0.00015990,1.70,0.000272
1121353,1178,144582,35-39,M,25,28194,3,3.71,2,0,0.00010641,1.24,0.000132
1121355,1178,144583,35-39,M,26,99961,14,23.21,1,0,0.00014005,1.66,0.000232
1121359,1178,144583,35-39,M,26,7573,0,0.00,1,0,0.00000000,#DIV/0!,0.000000
1121361,1178,144584,35-39,M,27,685781,103,177.89,10,1,0.00015019,1.73,0.000259
1121364,1178,144584,35-39,M,27,274222,43,66.77,2,1,0.00015681,1.55,0.000243
1121365,1178,144584,35-39,M,27,110503,25,32.68,4,0,0.00022624,1.31,0.000296
1121367,1178,144585,35-39,M,28,1447755,233,420.58,11,8,0.00016094,1.81,0.000291
1121368,1178,144585,35-39,M,28,358987,52,87.55,1,0,0.00014485,1.68,0.000244
1121369,1178,144585,35-39,M,28,826205,125,232.37,5,1,0.00015129,1.86,0.000281
1121370,1178,144585,35-39,M,28,550954,84,150.14,3,0,0.00015246,1.79,0.000273
1121372,1178,144585,35-39,M,28,378350,55,96.48,4,0,0.00014537,1.75,0.000255
1121373,1178,144586,35-39,M,29,492784,56,95.51,7,4,0.00011364,1.71,0.000194
1121374,1178,144586,35-39,M,29,327158,43,72.31,6,2,0.00013143,1.68,0.000221
1121375,1178,144586,35-39,M,29,9921,0,0.00,1,0,0.00000000,#DIV/0!,0.000000
1121377,1178,144586,35-39,M,29,59390,5,9.21,5,3,0.00008419,1.84,0.000155
1121378,1178,144586,35-39,M,29,1040330,147,254.25,13,2,0.00014130,1.73,0.000244
1121379,1178,144587,35-39,M,30,49422,6,11.17,1,0,0.00012140,1.86,0.000226
1121380,1178,144587,35-39,M,30,131091,18,34.23,3,1,0.00013731,1.90,0.000261
1121381,1178,144587,35-39,M,30,95691,15,25.26,1,1,0.00015675,1.68,0.000264
1121390,1178,144588,35-39,M,31,15513,1,1.29,1,0,0.00006446,1.29,0.000083
1121391,1178,144589,35-39,M,32,382537,63,113.99,4,3,0.00016469,1.81,0.000298
1121394,1178,144589,35-39,M,32,461356,64,121.10,6,3,0.00013872,1.89,0.000262
1121395,1178,144589,35-39,M,32,392541,53,98.70,3,2,0.00013502,1.86,0.000251
1121398,1178,144590,35-39,M,36,35088,5,8.80,1,1,0.00014250,1.76,0.000251
1121400,1178,144590,35-39,M,36,53933,6,9.93,3,1,0.00011125,1.65,0.000184
1121403,1178,144591,35-39,M,63,228861,33,53.39,4,2,0.00014419,1.62,0.000233
1121405,1178,144591,35-39,M,63,20959,2,3.77,1,1,0.00009542,1.88,0.000180
1121410,1178,144592,35-39,M,64,24992,2,3.19,1,0,0.00008003,1.60,0.000128
1121411,1178,144592,35-39,M,64,100351,15,24.18,2,1,0.00014948,1.61,0.000241
1121412,1178,144592,35-39,M,64,292448,43,76.90,2,1,0.00014703,1.79,0.000263
1121413,1178,144592,35-39,M,64,65060,7,14.52,1,1,0.00010759,2.07,0.000223
1121414,1178,144592,35-39,M,64,133316,21,36.17,2,0,0.00015752,1.72,0.000271
1121415,1178,144593,35-39,M,65,113501,26,38.44,5,4,0.00022907,1.48,0.000339
1121418,1178,144593,35-39,M,65,192810,41,61.93,4,3,0.00021264,1.51,0.000321
1121421,1178,144594,35-39,M,2,233404,43,70.41,2,1,0.00018423,1.64,0.000302
1121422,1178,144594,35-39,M,2,128843,24,37.60,2,0,0.00018627,1.57,0.000292
1121423,1178,144594,35-39,M,2,63564,12,20.59,2,0,0.00018879,1.72,0.000324
1121425,1178,144594,35-39,M,2,85970,14,24.78,1,1,0.00016285,1.77,0.000288
1121428,1178,144595,35-39,M,7,131232,16,29.54,1,1,0.00012192,1.85,0.000225
1121429,1178,144595,35-39,M,7,152454,22,37.85,1,1,0.00014431,1.72,0.000248
1121430,1178,144595,35-39,M,7,28989,2,2.29,1,0,0.00006899,1.15,0.000079
1121433,1178,144596,35-39,M,66,80248,15,24.19,1,1,0.00018692,1.61,0.000301
1121437,1178,144596,35-39,M,66,38580,5,8.52,1,0,0.00012960,1.70,0.000221
1121439,1178,144597,40-44,M,10,621591,91,163.36,5,1,0.00014640,1.80,0.000263
1121440,1178,144597,40-44,M,10,250499,36,58.14,3,1,0.00014371,1.62,0.000232
1121442,1178,144597,40-44,M,10,131637,18,29.31,2,1,0.00013674,1.63,0.000223
1121443,1178,144597,40-44,M,10,463813,69,116.34,4,2,0.00014877,1.69,0.000251
1121444,1178,144597,40-44,M,10,211767,35,60.90,5,1,0.00016528,1.74,0.000288
1121446,1178,144598,40-44,M,15,163181,26,40.02,1,1,0.00015933,1.54,0.000245
1121451,1178,144599,40-44,M,16,1117385,147,260.07,11,2,0.00013156,1.77,0.000233
1121452,1178,144599,40-44,M,16,1663441,205,359.47,17,6,0.00012324,1.75,0.000216
1121453,1178,144599,40-44,M,16,455248,54,105.71,5,2,0.00011862,1.96,0.000232
1121454,1178,144599,40-44,M,16,75589,6,10.66,1,1,0.00007938,1.78,0.000141
1121455,1178,144599,40-44,M,16,594267,82,143.30,3,2,0.00013799,1.75,0.000241
1121456,1178,144599,40-44,M,16,315281,35,65.03,1,0,0.00011101,1.86,0.000206
1121464,1178,144601,40-44,M,19,363456,71,117.56,7,1,0.00019535,1.66,0.000323
1121466,1178,144601,40-44,M,19,438983,81,143.43,3,1,0.00018452,1.77,0.000327
1121467,1178,144601,40-44,M,19,42563,5,9.66,1,1,0.00011747,1.93,0.000227
1121469,1178,144602,40-44,M,20,399035,75,124.80,7,3,0.00018795,1.66,0.000313
1121471,1178,144602,40-44,M,20,304680,59,98.55,3,0,0.00019365,1.67,0.000323
1121472,1178,144602,40-44,M,20,140596,23,40.77,1,0,0.00016359,1.77,0.000290
1121473,1178,144602,40-44,M,20,439986,80,134.88,4,3,0.00018182,1.69,0.000307
1121474,1178,144602,40-44,M,20,75803,11,19.36,2,2,0.00014511,1.76,0.000255
1121477,1178,144603,40-44,M,21,7073,0,0.00,1,0,0.00000000,#DIV/0!,0.000000
1121481,1178,144604,40-44,M,22,153586,28,43.01,2,0,0.00018231,1.54,0.000280
1121482,1178,144604,40-44,M,22,180815,31,42.63,1,0,0.00017145,1.38,0.000236
1121483,1178,144604,40-44,M,22,253169,51,75.79,1,0,0.00020145,1.49,0.000299
1121484,1178,144604,40-44,M,22,34453,5,7.71,1,1,0.00014513,1.54,0.000224
1121487,1178,144605,40-44,M,23,51550,8,14.04,1,0,0.00015519,1.75,0.000272
1121489,1178,144605,40-44,M,23,110018,24,39.86,1,0,0.00021815,1.66,0.000362
1121493,1178,144606,40-44,M,24,137584,21,36.78,1,0,0.00015263,1.75,0.000267
1121497,1178,144606,40-44,M,24,209825,30,54.87,1,0,0.00014298,1.83,0.000262
1121499,1178,144607,40-44,M,25,264222,63,87.79,1,1,0.00023844,1.39,0.000332
1121510,1178,144608,40-44,M,26,31202,5,6.73,1,0,0.00016025,1.35,0.000216
1121511,1178,144609,40-44,M,27,252991,49,76.84,3,0,0.00019368,1.57,0.000304
1121514,1178,144609,40-44,M,27,56265,9,15.54,1,0,0.00015996,1.73,0.000276
1121523,1178,144611,40-44,M,29,76923,11,17.67,2,2,0.00014300,1.61,0.000230
1121524,1178,144611,40-44,M,29,209332,30,49.60,3,1,0.00014331,1.65,0.000237
1121525,1178,144611,40-44,M,29,214094,31,53.27,1,0,0.00014480,1.72,0.000249
1121526,1178,144611,40-44,M,29,526209,85,126.93,3,2,0.00016153,1.49,0.000241
1121527,1178,144611,40-44,M,29,741143,120,179.62,4,1,0.00016191,1.50,0.000242
1121528,1178,144611,40-44,M,29,172827,25,38.42,2,0,0.00014465,1.54,0.000222
1121530,1178,144612,40-44,M,30,188873,38,58.60,1,1,0.00020119,1.54,0.000310
1121532,1178,144612,40-44,M,30,123126,25,39.73,2,1,0.00020304,1.59,0.000323
1121535,1178,144613,40-44,M,31,77794,14,19.11,1,1,0.00017996,1.37,0.000246
1121541,1178,144614,40-44,M,32,56630,9,15.81,1,1,0.00015893,1.76,0.000279
1121544,1178,144614,40-44,M,32,400844,85,140.97,4,2,0.00021205,1.66,0.000352
1121545,1178,144614,40-44,M,32,208572,36,60.76,2,1,0.00017260,1.69,0.000291
1121548,1178,144615,40-44,M,36,59004,8,13.51,1,0,0.00013558,1.69,0.000229
1121551,1178,144615,40-44,M,36,196253,32,55.10,1,0,0.00016305,1.72,0.000281
1121554,1178,144616,40-44,M,63,51858,8,12.63,1,1,0.00015427,1.58,0.000244
1121557,1178,144616,40-44,M,63,280764,49,81.36,2,1,0.00017452,1.66,0.000290
1121561,1178,144617,40-44,M,64,63660,11,16.47,1,1,0.00017279,1.50,0.000259
1121562,1178,144617,40-44,M,64,109289,19,31.03,1,0,0.00017385,1.63,0.000284
1121568,1178,144618,40-44,M,65,188440,40,60.73,2,1,0.00021227,1.52,0.000322
1121571,1178,144619,40-44,M,2,212496,44,74.83,2,1,0.00020706,1.70,0.000352
1121572,1178,144619,40-44,M,2,32574,5,7.48,1,0,0.00015350,1.50,0.000230
1121575,1178,144619,40-44,M,2,128595,23,36.48,1,1,0.00017886,1.59,0.000284
1121577,1178,144620,40-44,M,7,242234,48,68.06,2,0,0.00019816,1.42,0.000281
1121584,1178,144621,40-44,M,66,33154,5,7.88,1,1,0.00015081,1.58,0.000238
1121585,1178,144621,40-44,M,66,9773,1,1.46,1,0,0.00010232,1.46,0.000149
1121589,1178,144622,45-49,M,10,464036,77,123.55,3,1,0.00016594,1.60,0.000266
1121590,1178,144622,45-49,M,10,478480,75,135.75,3,1,0.00015675,1.81,0.000284
1121592,1178,144622,45-49,M,10,428812,66,116.88,4,2,0.00015391,1.77,0.000273
1121593,1178,144622,45-49,M,10,1177535,221,365.66,15,3,0.00018768,1.65,0.000311
1121594,1178,144622,45-49,M,10,426500,72,128.28,4,1,0.00016882,1.78,0.000301
1121597,1178,144623,45-49,M,15,54237,7,10.78,2,1,0.00012906,1.54,0.000199
1121598,1178,144623,45-49,M,15,506916,89,133.70,2,2,0.00017557,1.50,0.000264
1121599,1178,144623,45-49,M,15,250960,42,64.88,2,0,0.00016736,1.54,0.000259
1121601,1178,144624,45-49,M,16,2286228,353,603.38,16,7,0.00015440,1.71,0.000264
1121602,1178,144624,45-49,M,16,915451,125,220.56,6,1,0.00013654,1.76,0.000241
1121603,1178,144624,45-49,M,16,159478,20,33.90,3,1,0.00012541,1.69,0.000213
1121605,1178,144624,45-49,M,16,1228924,190,318.97,6,3,0.00015461,1.68,0.000260
1121606,1178,144624,45-49,M,16,938283,134,248.64,7,2,0.00014281,1.86,0.000265
1121607,1178,144625,45-49,M,18,154572,26,40.93,1,1,0.00016821,1.57,0.000265
1121609,1178,144625,45-49,M,18,378171,70,109.25,1,0,0.00018510,1.56,0.000289
1121612,1178,144625,45-49,M,18,468749,84,134.12,6,1,0.00017920,1.60,0.000286
1121613,1178,144626,45-49,M,19,309823,60,103.39,4,4,0.00019366,1.72,0.000334
1121615,1178,144626,45-49,M,19,327227,65,116.56,5,0,0.00019864,1.79,0.000356
1121616,1178,144626,45-49,M,19,334945,72,120.30,2,1,0.00021496,1.67,0.000359
1121617,1178,144626,45-49,M,19,68859,15,25.46,1,0,0.00021784,1.70,0.000370
1121619,1178,144627,45-49,M,20,127125,20,35.68,2,0,0.00015733,1.78,0.000281
1121620,1178,144627,45-49,M,20,415798,80,131.78,3,1,0.00019240,1.65,0.000317
1121622,1178,144627,45-49,M,20,107671,20,29.91,1,1,0.00018575,1.50,0.000278
1121623,1178,144627,45-49,M,20,164356,28,46.79,2,1,0.00017036,1.67,0.000285
1121624,1178,144627,45-49,M,20,17662,2,3.19,1,0,0.00011324,1.59,0.000181
1121627,1178,144628,45-49,M,21,65339,10,16.68,2,0,0.00015305,1.67,0.000255
1121628,1178,144628,45-49,M,21,59838,7,11.11,1,0,0.00011698,1.59,0.000186
1121629,1178,144628,45-49,M,21,381577,81,127.57,2,0,0.00021228,1.57,0.000334
1121635,1178,144629,45-49,M,22,45491,8,11.01,1,0,0.00017586,1.38,0.000242
1121638,1178,144630,45-49,M,23,18946,2,3.60,1,0,0.00010556,1.80,0.000190
1121641,1178,144630,45-49,M,23,114370,18,33.66,1,0,0.00015738,1.87,0.000294
1121642,1178,144630,45-49,M,23,99698,21,33.35,1,0,0.00021064,1.59,0.000335
1121644,1178,144631,45-49,M,24,355165,81,128.61,4,3,0.00022806,1.59,0.000362
1121650,1178,144632,45-49,M,25,101431,23,33.93,1,1,0.00022676,1.48,0.000335
1121652,1178,144632,45-49,M,25,123151,24,36.44,2,1,0.00019488,1.52,0.000296
1121660,1178,144633,45-49,M,26,24078,4,5.77,1,0,0.00016613,1.44,0.000240
1121661,1178,144634,45-49,M,27,517801,105,181.72,3,0,0.00020278,1.73,0.000351
1121662,1178,144634,45-49,M,27,145104,25,41.42,2,1,0.00017229,1.66,0.000285
1121664,1178,144634,45-49,M,27,179950,35,58.68,1,0,0.00019450,1.68,0.000326
1121665,1178,144634,45-49,M,27,258531,46,80.34,2,0,0.00017793,1.75,0.000311
1121666,1178,144634,45-49,M,27,272500,62,104.46,3,0,0.00022752,1.68,0.000383
1121667,1178,144635,45-49,M,28,273197,57,87.73,3,0,0.00020864,1.54,0.000321
1121668,1178,144635,45-49,M,28,775904,172,253.99,4,2,0.00022168,1.48,0.000327
1121669,1178,144635,45-49,M,28,120251,26,39.44,1,0,0.00021621,1.52,0.000328
1121671,1178,144635,45-49,M,28,139406,24,39.05,1,0,0.00017216,1.63,0.000280
1121672,1178,144635,45-49,M,28,60314,11,16.94,2,1,0.00018238,1.54,0.000281
1121673,1178,144636,45-49,M,29,563074,86,142.71,4,2,0.00015273,1.66,0.000253
1121674,1178,144636,45-49,M,29,168655,18,27.30,2,0,0.00010673,1.52,0.000162
1121675,1178,144636,45-49,M,29,111963,17,29.38,2,1,0.00015184,1.73,0.000262
1121676,1178,144636,45-49,M,29,1026304,168,277.58,17,8,0.00016369,1.65,0.000270
1121677,1178,144636,45-49,M,29,1391924,258,422.84,17,10,0.00018535,1.64,0.000304
1121678,1178,144636,45-49,M,29,147551,22,38.50,1,0,0.00014910,1.75,0.000261
1121685,1178,144638,45-49,M,31,66794,9,17.33,1,1,0.00013474,1.93,0.000259
1121687,1178,144638,45-49,M,31,118882,19,32.31,2,1,0.00015982,1.70,0.000272
1121689,1178,144638,45-49,M,31,148010,24,41.97,1,0,0.00016215,1.75,0.000284
1121691,1178,144639,45-49,M,32,932890,197,352.45,3,1,0.00021117,1.79,0.000378
1121692,1178,144639,45-49,M,32,718359,147,264.59,4,1,0.00020463,1.80,0.000368
1121693,1178,144639,45-49,M,32,433658,82,158.60,5,2,0.00018909,1.93,0.000366
1121695,1178,144639,45-49,M,32,29455,3,4.77,1,0,0.00010185,1.59,0.000162
1121701,1178,144640,45-49,M,36,23973,3,4.82,1,1,0.00012514,1.61,0.000201
1121705,1178,144641,45-49,M,63,126480,25,37.26,1,1,0.00019766,1.49,0.000295
1121706,1178,144641,45-49,M,63,138959,28,39.52,1,0,0.00020150,1.41,0.000284
1121708,1178,144641,45-49,M,63,68829,12,19.48,1,0,0.00017435,1.62,0.000283
1121711,1178,144642,45-49,M,64,49916,10,16.38,1,1,0.00020034,1.64,0.000328
1121716,1178,144643,45-49,M,65,76014,16,22.67,1,1,0.00021049,1.42,0.000298
1121723,1178,144644,45-49,M,2,50947,10,15.99,1,0,0.00019628,1.60,0.000314
1121733,1178,144646,45-49,M,66,55536,11,17.05,1,0,0.00019807,1.55,0.000307
1121741,1178,144647,30-34,F,10,318042,46,64.41,8,4,0.00014463,1.40,0.000203
1121742,1178,144647,30-34,F,10,213016,30,44.22,8,2,0.00014083,1.47,0.000208
1121745,1178,144648,30-34,F,15,182265,27,38.18,2,1,0.00014814,1.41,0.000209
1121746,1178,144648,30-34,F,15,1117371,177,268.05,26,5,0.00015841,1.51,0.000240
1121749,1178,144648,30-34,F,15,333345,52,77.59,5,1,0.00015599,1.49,0.000233
1121751,1178,144649,30-34,F,16,275930,30,46.78,5,2,0.00010872,1.56,0.000170
1121753,1178,144649,30-34,F,16,740631,101,153.12,9,1,0.00013637,1.52,0.000207
1121754,1178,144649,30-34,F,16,328272,35,55.99,2,1,0.00010662,1.60,0.000171
1121755,1178,144649,30-34,F,16,178455,20,31.54,6,3,0.00011207,1.58,0.000177
1121756,1178,144649,30-34,F,16,705712,98,147.34,6,1,0.00013887,1.50,0.000209
1121758,1178,144650,30-34,F,18,690373,91,159.57,5,2,0.00013181,1.75,0.000231
1121759,1178,144650,30-34,F,18,515812,69,117.63,3,1,0.00013377,1.70,0.000228
1121760,1178,144650,30-34,F,18,764793,101,171.98,4,2,0.00013206,1.70,0.000225
1121763,1178,144651,30-34,F,19,87832,11,18.10,1,1,0.00012524,1.65,0.000206
1121764,1178,144651,30-34,F,19,23368,3,4.30,1,0,0.00012838,1.43,0.000184
1121765,1178,144651,30-34,F,19,51509,7,11.57,1,0,0.00013590,1.65,0.000225
1121767,1178,144651,30-34,F,19,87043,16,24.48,2,0,0.00018382,1.53,0.000281
1121768,1178,144651,30-34,F,19,565565,113,169.67,7,4,0.00019980,1.50,0.000300
1121769,1178,144652,30-34,F,20,253758,43,62.14,4,1,0.00016945,1.45,0.000245
1121773,1178,144652,30-34,F,20,319131,51,76.68,6,1,0.00015981,1.50,0.000240
1121774,1178,144652,30-34,F,20,670608,130,195.15,11,3,0.00019385,1.50,0.000291
1121775,1178,144653,30-34,F,21,159123,25,38.36,5,3,0.00015711,1.53,0.000241
1121776,1178,144653,30-34,F,21,103709,15,24.57,3,1,0.00014464,1.64,0.000237
1121779,1178,144653,30-34,F,21,271589,45,74.41,9,3,0.00016569,1.65,0.000274
1121780,1178,144653,30-34,F,21,119772,20,33.47,5,2,0.00016698,1.67,0.000279
1121782,1178,144654,30-34,F,22,26340,3,4.22,1,1,0.00011390,1.41,0.000160
1121783,1178,144654,30-34,F,22,594968,111,147.67,4,0,0.00018656,1.33,0.000248
1121791,1178,144655,30-34,F,23,6838,0,0.00,1,0,0.00000000,#DIV/0!,0.000000
1121793,1178,144656,30-34,F,24,185665,39,62.14,1,0,0.00021006,1.59,0.000335
1121795,1178,144656,30-34,F,24,24959,3,4.56,1,1,0.00012020,1.52,0.000183
1121796,1178,144656,30-34,F,24,136967,23,35.06,3,1,0.00016792,1.52,0.000256
1121798,1178,144656,30-34,F,24,107548,19,29.31,1,0,0.00017667,1.54,0.000273
1121803,1178,144657,30-34,F,25,588617,119,169.92,2,0,0.00020217,1.43,0.000289
1121806,1178,144658,30-34,F,26,190560,26,41.63,3,1,0.00013644,1.60,0.000218
1121807,1178,144658,30-34,F,26,373110,49,75.70,4,2,0.00013133,1.54,0.000203
1121812,1178,144659,30-34,F,27,935646,170,256.47,19,6,0.00018169,1.51,0.000274
1121814,1178,144659,30-34,F,27,2223278,421,612.30,38,13,0.00018936,1.45,0.000275
1121815,1178,144659,30-34,F,27,240497,36,51.84,1,0,0.00014969,1.44,0.000216
1121816,1178,144659,30-34,F,27,259984,37,54.79,5,0,0.00014232,1.48,0.000211
1121817,1178,144660,30-34,F,28,606786,127,179.05,11,3,0.00020930,1.41,0.000295
1121818,1178,144660,30-34,F,28,83270,13,17.74,1,0,0.00015612,1.36,0.000213
1121819,1178,144660,30-34,F,28,1189509,268,375.72,7,3,0.00022530,1.40,0.000316
1121820,1178,144660,30-34,F,28,11471,1,1.57,0,0,0.00008718,1.57,0.000137
1121824,1178,144661,30-34,F,29,1705246,295,429.48,23,10,0.00017300,1.46,0.000252
1121826,1178,144661,30-34,F,29,418016,63,95.85,3,1,0.00015071,1.52,0.000229
1121827,1178,144661,30-34,F,29,30155,3,3.82,1,0,0.00009949,1.27,0.000127
1121828,1178,144661,30-34,F,29,990404,153,226.54,12,6,0.00015448,1.48,0.000229
1121829,1178,144662,30-34,F,30,187468,34,50.72,2,1,0.00018136,1.49,0.000271
1121832,1178,144662,30-34,F,30,208301,33,54.57,1,0,0.00015842,1.65,0.000262
1121833,1178,144662,30-34,F,30,101856,16,25.22,4,1,0.00015708,1.58,0.000248
1121835,1178,144663,30-34,F,31,48935,7,9.97,1,1,0.00014305,1.42,0.000204
1121839,1178,144663,30-34,F,31,13911,1,1.73,1,1,0.00007189,1.73,0.000124
1121841,1178,144664,30-34,F,32,511726,77,123.09,8,4,0.00015047,1.60,0.000241
1121843,1178,144664,30-34,F,32,177452,24,37.83,2,0,0.00013525,1.58,0.000213
1121844,1178,144664,30-34,F,32,149808,20,33.04,1,1,0.00013350,1.65,0.000221
1121845,1178,144664,30-34,F,32,390339,60,105.02,9,6,0.00015371,1.75,0.000269
1121846,1178,144664,30-34,F,32,8350,0,0.00,1,0,0.00000000,#DIV/0!,0.000000
1121847,1178,144665,30-34,F,36,39339,4,5.93,1,0,0.00010168,1.48,0.000151
1121854,1178,144666,30-34,F,63,8587,0,0.00,1,0,0.00000000,#DIV/0!,0.000000
1121855,1178,144666,30-34,F,63,24893,2,3.75,1,0,0.00008034,1.88,0.000151
1121856,1178,144666,30-34,F,63,1296189,212,343.26,14,4,0.00016356,1.62,0.000265
1121857,1178,144666,30-34,F,63,91607,12,19.19,2,1,0.00013099,1.60,0.000209
1121859,1178,144667,30-34,F,64,238036,38,61.03,6,3,0.00015964,1.61,0.000256
1121860,1178,144667,30-34,F,64,254344,35,56.17,2,1,0.00013761,1.60,0.000221
1121861,1178,144667,30-34,F,64,157705,23,39.23,2,0,0.00014584,1.71,0.000249
1121862,1178,144667,30-34,F,64,411571,60,99.18,6,1,0.00014578,1.65,0.000241
1121863,1178,144667,30-34,F,64,94136,11,16.18,1,0,0.00011685,1.47,0.000172
1121867,1178,144668,30-34,F,65,82640,16,23.97,1,1,0.00019361,1.50,0.000290
1121869,1178,144668,30-34,F,65,17870,2,2.62,1,1,0.00011192,1.31,0.000147
1121871,1178,144669,30-34,F,2,19178,2,2.78,1,1,0.00010429,1.39,0.000145
1121873,1178,144669,30-34,F,2,5264,0,0.00,1,0,0.00000000,#DIV/0!,0.000000
1121874,1178,144669,30-34,F,2,145548,28,42.37,2,1,0.00019238,1.51,0.000291
1121876,1178,144669,30-34,F,2,82455,15,22.05,1,0,0.00018192,1.47,0.000267
1121877,1178,144670,30-34,F,7,44189,7,10.32,2,0,0.00015841,1.47,0.000234
1121878,1178,144670,30-34,F,7,45199,7,9.81,1,0,0.00015487,1.40,0.000217
1121881,1178,144670,30-34,F,7,221843,43,63.45,5,0,0.00019383,1.48,0.000286
1121888,1178,144671,30-34,F,66,41672,6,10.55,2,1,0.00014398,1.76,0.000253
1121889,1178,144672,35-39,F,10,127546,25,38.94,2,0,0.00019601,1.56,0.000305
1121890,1178,144672,35-39,F,10,127865,28,38.03,3,1,0.00021898,1.36,0.000297
1121891,1178,144672,35-39,F,10,1025327,229,314.30,16,2,0.00022334,1.37,0.000307
1121894,1178,144672,35-39,F,10,561415,124,173.76,3,0,0.00022087,1.40,0.000310
1121895,1178,144673,35-39,F,15,132803,25,37.32,2,1,0.00018825,1.49,0.000281
1121897,1178,144673,35-39,F,15,24664,2,2.63,1,1,0.00008109,1.31,0.000107
1121901,1178,144674,35-39,F,16,1020561,172,263.81,7,3,0.00016853,1.53,0.000258
1121902,1178,144674,35-39,F,16,682143,114,177.11,6,2,0.00016712,1.55,0.000260
1121903,1178,144674,35-39,F,16,1247717,222,343.42,11,4,0.00017792,1.55,0.000275
1121904,1178,144674,35-39,F,16,146406,23,33.23,1,1,0.00015710,1.44,0.000227
1121905,1178,144674,35-39,F,16,905699,161,234.66,4,1,0.00017776,1.46,0.000259
1121906,1178,144674,35-39,F,16,1184580,194,297.83,14,3,0.00016377,1.54,0.000251
1121907,1178,144675,35-39,F,18,98057,20,31.01,1,1,0.00020396,1.55,0.000316
1121917,1178,144676,35-39,F,19,238735,56,84.66,4,1,0.00023457,1.51,0.000355
1121918,1178,144676,35-39,F,19,320657,77,115.88,2,0,0.00024013,1.50,0.000361
1121925,1178,144678,35-39,F,21,244074,57,84.51,4,2,0.00023354,1.48,0.000346
1121928,1178,144678,35-39,F,21,39146,8,13.06,1,0,0.00020436,1.63,0.000334
1121931,1178,144679,35-39,F,22,78468,15,23.65,1,0,0.00019116,1.58,0.000301
1121933,1178,144679,35-39,F,22,325653,63,89.35,2,0,0.00019346,1.42,0.000274
1121935,1178,144679,35-39,F,22,66277,12,17.30,1,0,0.00018106,1.44,0.000261
1121936,1178,144679,35-39,F,22,93002,16,23.34,1,0,0.00017204,1.46,0.000251
1121944,1178,144681,35-39,F,24,109723,27,40.96,1,0,0.00024607,1.52,0.000373
1121948,1178,144681,35-39,F,24,118941,35,50.11,4,1,0.00029426,1.43,0.000421
1121949,1178,144682,35-39,F,25,221576,47,66.79,6,1,0.00021212,1.42,0.000301
1121953,1178,144682,35-39,F,25,8341,1,1.64,1,0,0.00011989,1.64,0.000197
1121954,1178,144682,35-39,F,25,120335,26,36.23,2,0,0.00021606,1.39,0.000301
1121955,1178,144683,35-39,F,26,182098,40,62.87,1,1,0.00021966,1.57,0.000345
1121956,1178,144683,35-39,F,26,227473,52,71.58,1,1,0.00022860,1.38,0.000315
1121962,1178,144684,35-39,F,27,1050947,230,350.51,6,1,0.00021885,1.52,0.000334
1121963,1178,144684,35-39,F,27,720859,162,213.69,13,5,0.00022473,1.32,0.000296
1121971,1178,144685,35-39,F,28,41111,8,10.96,1,0,0.00019460,1.37,0.000267
1121973,1178,144686,35-39,F,29,148616,25,37.40,6,4,0.00016822,1.50,0.000252
1121976,1178,144686,35-39,F,29,707260,135,210.82,13,6,0.00019088,1.56,0.000298
1121977,1178,144686,35-39,F,29,139596,26,42.41,1,1,0.00018625,1.63,0.000304
1121983,1178,144687,35-39,F,30,105399,22,33.20,2,0,0.00020873,1.51,0.000315
1121994,1178,144689,35-39,F,32,222378,50,72.91,1,0,0.00022484,1.46,0.000328
1122003,1178,144691,35-39,F,63,975792,210,293.88,10,4,0.00021521,1.40,0.000301
1122004,1178,144691,35-39,F,63,579150,125,167.05,5,1,0.00021583,1.34,0.000288
1122005,1178,144691,35-39,F,63,449588,81,123.80,5,2,0.00018016,1.53,0.000275
1122006,1178,144691,35-39,F,63,318157,56,85.70,3,0,0.00017601,1.53,0.000269
1122007,1178,144691,35-39,F,63,196967,43,65.18,2,1,0.00021831,1.52,0.000331
1122011,1178,144692,35-39,F,64,158298,37,46.43,4,1,0.00023374,1.25,0.000293
1122012,1178,144692,35-39,F,64,222739,55,68.56,5,2,0.00024693,1.25,0.000308
1122022,1178,144694,35-39,F,2,20780,5,8.19,1,0,0.00024062,1.64,0.000394
1122027,1178,144695,35-39,F,7,128616,33,48.55,2,0,0.00025658,1.47,0.000377
1122039,1178,144697,40-44,F,10,258954,61,82.28,1,0,0.00023556,1.35,0.000318
1122040,1178,144697,40-44,F,10,205289,48,71.53,3,0,0.00023382,1.49,0.000348
1122041,1178,144697,40-44,F,10,611601,138,191.42,8,3,0.00022564,1.39,0.000313
1122043,1178,144697,40-44,F,10,947657,233,321.87,8,4,0.00024587,1.38,0.000340
1122044,1178,144697,40-44,F,10,233043,49,65.03,2,0,0.00021026,1.33,0.000279
1122047,1178,144698,40-44,F,15,582725,142,194.81,9,2,0.00024368,1.37,0.000334
1122052,1178,144699,40-44,F,16,265038,51,78.46,2,1,0.00019243,1.54,0.000296
1122054,1178,144699,40-44,F,16,222273,39,53.63,6,1,0.00017546,1.38,0.000241
1122055,1178,144699,40-44,F,16,797234,170,243.77,4,1,0.00021324,1.43,0.000306
1122056,1178,144699,40-44,F,16,925555,182,262.89,4,2,0.00019664,1.44,0.000284
1122058,1178,144700,40-44,F,18,22210,3,4.05,1,1,0.00013507,1.35,0.000182
1122075,1178,144703,40-44,F,21,46391,11,16.41,3,1,0.00023711,1.49,0.000354
1122078,1178,144703,40-44,F,21,190477,42,66.39,1,0,0.00022050,1.58,0.000349
1122079,1178,144703,40-44,F,21,25382,7,9.61,1,0,0.00027579,1.37,0.000379
1122085,1178,144704,40-44,F,22,65726,17,22.12,2,0,0.00025865,1.30,0.000337
1122089,1178,144705,40-44,F,23,195220,51,78.06,1,0,0.00026124,1.53,0.000400
1122092,1178,144705,40-44,F,23,107501,27,40.88,2,2,0.00025116,1.51,0.000380
1122101,1178,144707,40-44,F,25,197772,63,88.21,7,2,0.00031855,1.40,0.000446
1122102,1178,144707,40-44,F,25,138154,35,48.94,1,0,0.00025334,1.40,0.000354
1122103,1178,144707,40-44,F,25,270124,69,95.85,2,0,0.00025544,1.39,0.000355
1122105,1178,144708,40-44,F,26,303971,77,106.93,11,6,0.00025331,1.39,0.000352
1122107,1178,144708,40-44,F,26,682046,183,254.42,4,2,0.00026831,1.39,0.000373
1122109,1178,144708,40-44,F,26,328365,83,117.34,2,1,0.00025277,1.41,0.000357
1122112,1178,144709,40-44,F,27,1083259,276,390.26,11,0,0.00025479,1.41,0.000360
1122113,1178,144709,40-44,F,27,913929,245,340.41,7,2,0.00026807,1.39,0.000372
1122118,1178,144710,40-44,F,28,101586,24,33.47,2,1,0.00023625,1.39,0.000329
1122120,1178,144710,40-44,F,28,181053,46,66.28,3,1,0.00025407,1.44,0.000366
1122121,1178,144710,40-44,F,28,133419,35,48.18,2,1,0.00026233,1.38,0.000361
1122125,1178,144711,40-44,F,29,489573,113,156.12,3,2,0.00023081,1.38,0.000319
1122127,1178,144711,40-44,F,29,822023,194,288.33,6,0,0.00023600,1.49,0.000351
1122131,1178,144712,40-44,F,30,93176,29,40.37,1,1,0.00031124,1.39,0.000433
1122138,1178,144713,40-44,F,31,47229,13,19.28,1,0,0.00027525,1.48,0.000408
1122139,1178,144713,40-44,F,31,92263,24,34.03,1,0,0.00026013,1.42,0.000369
1122140,1178,144713,40-44,F,31,81551,21,29.67,1,0,0.00025751,1.41,0.000364
1122145,1178,144714,40-44,F,32,141037,32,47.79,3,0,0.00022689,1.49,0.000339
1122146,1178,144714,40-44,F,32,319501,79,111.65,0,0,0.00024726,1.41,0.000349
1122149,1178,144715,40-44,F,36,72741,19,24.33,2,0,0.00026120,1.28,0.000334
1122154,1178,144716,40-44,F,63,597419,135,188.51,2,1,0.00022597,1.40,0.000316
1122157,1178,144716,40-44,F,63,98768,21,33.14,1,1,0.00021262,1.58,0.000336
1122160,1178,144717,40-44,F,64,173165,41,59.85,1,0,0.00023677,1.46,0.000346
1122165,1178,144718,40-44,F,65,55823,13,21.11,1,1,0.00023288,1.62,0.000378
1122166,1178,144718,40-44,F,65,118451,28,38.35,4,1,0.00023638,1.37,0.000324
1122176,1178,144719,40-44,F,2,74424,22,30.84,1,1,0.00029560,1.40,0.000414
1122177,1178,144720,40-44,F,7,47929,12,14.59,1,1,0.00025037,1.22,0.000304
1122182,1178,144720,40-44,F,7,40801,12,15.92,0,0,0.00029411,1.33,0.000390
1122183,1178,144721,40-44,F,66,66017,17,24.22,1,0,0.00025751,1.42,0.000367
1122189,1178,144722,45-49,F,10,725043,179,238.40,5,3,0.00024688,1.33,0.000329
1122191,1178,144722,45-49,F,10,382776,97,132.73,5,1,0.00025341,1.37,0.000347
1122192,1178,144722,45-49,F,10,548250,137,201.60,5,1,0.00024989,1.47,0.000368
1122193,1178,144722,45-49,F,10,1358324,346,465.08,8,2,0.00025473,1.34,0.000342
1122197,1178,144723,45-49,F,15,662249,163,234.94,2,0,0.00024613,1.44,0.000355
1122200,1178,144723,45-49,F,15,559554,139,195.08,2,0,0.00024841,1.40,0.000349
1122201,1178,144724,45-49,F,16,320757,68,104.69,2,0,0.00021200,1.54,0.000326
1122202,1178,144724,45-49,F,16,906151,202,295.55,1,0,0.00022292,1.46,0.000326
1122203,1178,144724,45-49,F,16,699314,164,226.03,3,0,0.00023452,1.38,0.000323
1122204,1178,144724,45-49,F,16,850337,198,287.69,3,1,0.00023285,1.45,0.000338
1122205,1178,144724,45-49,F,16,1015460,247,315.90,9,2,0.00024324,1.28,0.000311
1122209,1178,144725,45-49,F,18,890295,227,332.99,1,0,0.00025497,1.47,0.000374
1122210,1178,144725,45-49,F,18,791817,194,282.49,4,2,0.00024501,1.46,0.000357
1122211,1178,144725,45-49,F,18,317601,76,115.66,1,0,0.00023929,1.52,0.000364
1122212,1178,144725,45-49,F,18,685211,164,247.32,4,3,0.00023934,1.51,0.000361
1122213,1178,144726,45-49,F,19,32781,7,11.20,2,2,0.00021354,1.60,0.000342
1122216,1178,144726,45-49,F,19,76785,19,25.46,3,0,0.00024744,1.34,0.000332
1122217,1178,144726,45-49,F,19,719083,206,299.53,12,5,0.00028648,1.45,0.000417
1122223,1178,144727,45-49,F,20,368480,107,140.42,5,4,0.00029038,1.31,0.000381
1122224,1178,144727,45-49,F,20,260945,73,100.88,2,2,0.00027975,1.38,0.000387
1122225,1178,144728,45-49,F,21,40998,10,13.35,1,0,0.00024391,1.34,0.000326
1122227,1178,144728,45-49,F,21,183293,53,73.75,2,1,0.00028915,1.39,0.000402
1122232,1178,144729,45-49,F,22,221561,55,76.76,1,0,0.00024824,1.40,0.000346
1122233,1178,144729,45-49,F,22,436943,109,145.82,1,1,0.00024946,1.34,0.000334
1122240,1178,144730,45-49,F,23,284488,90,125.27,1,1,0.00031636,1.39,0.000440
1122244,1178,144731,45-49,F,24,85083,32,38.63,1,1,0.00037610,1.21,0.000454
1122246,1178,144731,45-49,F,24,14167,5,7.14,1,0,0.00035293,1.43,0.000504
1122249,1178,144732,45-49,F,25,300637,84,116.99,2,0,0.00027941,1.39,0.000389
1122253,1178,144732,45-49,F,25,449921,129,175.97,5,1,0.00028672,1.36,0.000391
1122254,1178,144732,45-49,F,25,282899,71,105.66,1,0,0.00025097,1.49,0.000373
1122257,1178,144733,45-49,F,26,669671,186,259.18,4,1,0.00027775,1.39,0.000387
1122258,1178,144733,45-49,F,26,108655,28,46.92,1,0,0.00025770,1.68,0.000432
1122260,1178,144733,45-49,F,26,536248,146,187.74,3,0,0.00027226,1.29,0.000350
1122262,1178,144734,45-49,F,27,1055017,265,380.66,16,2,0.00025118,1.44,0.000361
1122265,1178,144734,45-49,F,27,1428421,367,541.70,10,0,0.00025693,1.48,0.000379
1122266,1178,144734,45-49,F,27,1088027,272,409.56,9,4,0.00024999,1.51,0.000376
1122267,1178,144735,45-49,F,28,288517,78,102.39,3,0,0.00027035,1.31,0.000355
1122268,1178,144735,45-49,F,28,202231,53,67.13,3,1,0.00026208,1.27,0.000332
1122270,1178,144735,45-49,F,28,73222,16,22.86,1,0,0.00021851,1.43,0.000312
1122271,1178,144735,45-49,F,28,348542,96,134.89,2,0,0.00027543,1.41,0.000387
1122273,1178,144736,45-49,F,29,1097966,266,369.07,16,8,0.00024227,1.39,0.000336
1122274,1178,144736,45-49,F,29,526923,138,198.09,2,1,0.00026190,1.44,0.000376
1122276,1178,144736,45-49,F,29,264386,66,91.00,4,1,0.00024964,1.38,0.000344
1122277,1178,144736,45-49,F,29,854940,227,297.91,8,3,0.00026552,1.31,0.000348
1122279,1178,144737,45-49,F,30,113567,34,50.29,3,0,0.00029938,1.48,0.000443
1122282,1178,144737,45-49,F,30,22859,6,9.42,1,0,0.00026248,1.57,0.000412
1122288,1178,144738,45-49,F,31,51754,13,20.52,1,0,0.00025119,1.58,0.000396
1122290,1178,144738,45-49,F,31,104347,28,38.14,4,3,0.00026834,1.36,0.000366
1122303,1178,144741,45-49,F,63,391998,97,142.05,3,1,0.00024745,1.46,0.000362
1122304,1178,144741,45-49,F,63,1111156,282,402.30,5,0,0.00025379,1.43,0.000362
1122308,1178,144741,45-49,F,63,427772,117,159.30,3,1,0.00027351,1.36,0.000372
1122310,1178,144742,45-49,F,64,536457,136,193.66,2,1,0.00025352,1.42,0.000361
1122311,1178,144742,45-49,F,64,179894,43,66.84,2,0,0.00023903,1.55,0.000372
1122312,1178,144742,45-49,F,64,479882,131,178.67,6,0,0.00027298,1.36,0.000372
1122313,1178,144742,45-49,F,64,358261,91,130.36,1,0,0.00025400,1.43,0.000364
1122316,1178,144743,45-49,F,65,346688,88,114.86,2,0,0.00025383,1.31,0.000331
1314296,1178,179863,30-34,M,100,33445,2,3.20,1,0,0.00005980,1.60,0.000096
1314297,1178,179864,30-34,M,101,72228,5,7.53,4,4,0.00006923,1.51,0.000104
1314298,1178,179865,30-34,M,102,49699,2,2.69,2,1,0.00004024,1.35,0.000054
1314299,1178,179866,30-34,M,103,189761,18,27.33,4,1,0.00009486,1.52,0.000144
1314301,1178,179868,30-34,M,105,312524,37,53.79,2,0,0.00011839,1.45,0.000172
1314303,1178,179870,30-34,M,107,496760,42,61.01,10,3,0.00008455,1.45,0.000123
1314306,1178,179873,30-34,M,110,310988,34,46.67,11,3,0.00010933,1.37,0.000150
1314307,1178,179874,30-34,M,111,98606,9,12.11,1,0,0.00009127,1.35,0.000123
1314308,1178,179875,30-34,M,112,51104,2,3.20,3,1,0.00003914,1.60,0.000063
1314309,1178,179876,30-34,M,113,276762,22,32.09,5,1,0.00007949,1.46,0.000116
1314312,1178,179879,35-39,M,101,33534,2,2.96,1,1,0.00005964,1.48,0.000088
1314313,1178,179880,35-39,M,102,128859,16,23.70,1,0,0.00012417,1.48,0.000184
1314314,1178,179881,35-39,M,103,92080,12,16.94,3,2,0.00013032,1.41,0.000184
1314316,1178,179883,35-39,M,105,211882,33,46.65,3,1,0.00015575,1.41,0.000220
1314318,1178,179885,35-39,M,107,112776,9,12.68,1,0,0.00007980,1.41,0.000112
1314319,1178,179886,35-39,M,108,145324,14,19.82,2,1,0.00009634,1.42,0.000136
1314320,1178,179887,35-39,M,109,106492,14,21.26,2,0,0.00013147,1.52,0.000200
1314321,1178,179888,35-39,M,110,233845,30,40.73,3,0,0.00012829,1.36,0.000174
1314323,1178,179890,35-39,M,112,155426,17,25.01,3,0,0.00010938,1.47,0.000161
1314324,1178,179891,35-39,M,113,97540,8,11.52,2,1,0.00008202,1.44,0.000118
1314325,1178,179892,35-39,M,114,61441,5,7.70,1,0,0.00008138,1.54,0.000125
1314326,1178,179893,40-44,M,100,76703,9,12.15,3,1,0.00011734,1.35,0.000158
1314327,1178,179894,40-44,M,101,68619,10,14.96,1,0,0.00014573,1.50,0.000218
1314330,1178,179897,40-44,M,104,17559,1,1.49,1,1,0.00005695,1.49,0.000085
1314331,1178,179898,40-44,M,105,137879,19,28.47,2,0,0.00013780,1.50,0.000206
1314332,1178,179899,40-44,M,106,67710,10,15.15,1,0,0.00014769,1.51,0.000224
1314333,1178,179900,40-44,M,107,348180,41,60.23,3,1,0.00011776,1.47,0.000173
1314334,1178,179901,40-44,M,108,146246,18,28.72,3,1,0.00012308,1.60,0.000196
1314336,1178,179903,40-44,M,110,187236,24,34.87,2,2,0.00012818,1.45,0.000186
1314337,1178,179904,40-44,M,111,72157,9,13.50,1,1,0.00012473,1.50,0.000187
1314338,1178,179905,40-44,M,112,91180,10,13.56,1,0,0.00010967,1.36,0.000149
1314339,1178,179906,40-44,M,113,86293,6,9.26,1,1,0.00006953,1.54,0.000107
1314341,1178,179908,45-49,M,100,101410,12,17.94,4,0,0.00011833,1.50,0.000177
1314343,1178,179910,45-49,M,102,134245,18,25.75,2,1,0.00013408,1.43,0.000192
1314345,1178,179912,45-49,M,104,125650,20,30.08,4,0,0.00015917,1.50,0.000239
1314346,1178,179913,45-49,M,105,50406,5,7.26,1,1,0.00009919,1.45,0.000144
1314348,1178,179915,45-49,M,107,121769,13,18.42,2,1,0.00010676,1.42,0.000151
1314349,1178,179916,45-49,M,108,267106,34,50.50,4,1,0.00012729,1.49,0.000189
1314350,1178,179917,45-49,M,109,365539,57,82.14,5,2,0.00015593,1.44,0.000225
1314351,1178,179918,45-49,M,110,188758,25,36.60,2,1,0.00013244,1.46,0.000194
1314353,1178,179920,45-49,M,112,108426,13,19.58,1,0,0.00011990,1.51,0.000181
1314354,1178,179921,45-49,M,113,138525,9,13.65,3,0,0.00006497,1.52,0.000099
1314355,1178,179922,45-49,M,114,150858,21,30.26,1,0,0.00013920,1.44,0.000201
1314357,1178,179924,30-34,F,101,524306,81,113.68,10,4,0.00015449,1.40,0.000217
1314358,1178,179925,30-34,F,102,104496,9,11.43,3,2,0.00008613,1.27,0.000109
1314359,1178,179926,30-34,F,103,452519,68,99.52,7,2,0.00015027,1.46,0.000220
1314360,1178,179927,30-34,F,104,442919,76,110.78,21,2,0.00017159,1.46,0.000250
1314361,1178,179928,30-34,F,105,596831,86,120.88,11,0,0.00014409,1.41,0.000203
1314362,1178,179929,30-34,F,106,173912,26,35.54,2,1,0.00014950,1.37,0.000204
1314363,1178,179930,30-34,F,107,780967,86,119.64,20,4,0.00011012,1.39,0.000153
1314364,1178,179931,30-34,F,108,132124,8,11.19,4,0,0.00006055,1.40,0.000085
1314365,1178,179932,30-34,F,109,623137,100,138.92,12,1,0.00016048,1.39,0.000223
1314366,1178,179933,30-34,F,110,99020,10,14.48,4,1,0.00010099,1.45,0.000146
1314367,1178,179934,30-34,F,111,665817,117,163.80,23,9,0.00017572,1.40,0.000246
1314368,1178,179935,30-34,F,112,699232,80,111.99,12,3,0.00011441,1.40,0.000160
1314371,1178,179938,35-39,F,100,72982,11,15.05,1,0,0.00015072,1.37,0.000206
1314372,1178,179939,35-39,F,101,975884,167,237.32,14,3,0.00017113,1.42,0.000243
1314373,1178,179940,35-39,F,102,245607,33,47.88,3,1,0.00013436,1.45,0.000195
1314377,1178,179944,35-39,F,106,485369,114,164.64,3,0,0.00023487,1.44,0.000339
1314378,1178,179945,35-39,F,107,866355,139,200.83,11,5,0.00016044,1.44,0.000232
1314379,1178,179946,35-39,F,108,502710,72,105.22,8,2,0.00014322,1.46,0.000209
1314380,1178,179947,35-39,F,109,475184,88,127.32,4,1,0.00018519,1.45,0.000268
1314381,1178,179948,35-39,F,110,357401,47,68.67,8,1,0.00013150,1.46,0.000192
1314382,1178,179949,35-39,F,111,99810,14,20.05,2,0,0.00014027,1.43,0.000201
1314383,1178,179950,35-39,F,112,81569,6,9.41,3,1,0.00007356,1.57,0.000115
1314384,1178,179951,35-39,F,113,441192,53,77.60,6,2,0.00012013,1.46,0.000176
1314385,1178,179952,35-39,F,114,90470,11,16.73,1,1,0.00012159,1.52,0.000185
1314386,1178,179953,40-44,F,100,834243,166,246.75,18,7,0.00019898,1.49,0.000296
1314387,1178,179954,40-44,F,101,696612,152,223.19,31,9,0.00021820,1.47,0.000320
1314388,1178,179955,40-44,F,102,329333,48,67.61,1,0,0.00014575,1.41,0.000205
1314389,1178,179956,40-44,F,103,1114711,224,319.00,6,0,0.00020095,1.42,0.000286
1314390,1178,179957,40-44,F,104,267316,58,82.93,3,0,0.00021697,1.43,0.000310
1314391,1178,179958,40-44,F,105,228629,38,57.00,2,0,0.00016621,1.50,0.000249
1314392,1178,179959,40-44,F,106,758340,159,233.11,13,4,0.00020967,1.47,0.000307
1314393,1178,179960,40-44,F,107,877535,149,217.78,5,2,0.00016979,1.46,0.000248
1314394,1178,179961,40-44,F,108,1357386,223,323.06,10,1,0.00016429,1.45,0.000238
1314395,1178,179962,40-44,F,109,280240,61,87.99,2,2,0.00021767,1.44,0.000314
1314396,1178,179963,40-44,F,110,419922,75,105.45,3,1,0.00017860,1.41,0.000251
1314397,1178,179964,40-44,F,111,402975,83,120.90,1,0,0.00020597,1.46,0.000300
1314398,1178,179965,40-44,F,112,1137635,211,301.05,30,10,0.00018547,1.43,0.000265
1314400,1178,179967,40-44,F,114,250234,40,62.32,4,1,0.00015985,1.56,0.000249
1314401,1178,179968,45-49,F,100,904907,195,279.22,11,1,0.00021549,1.43,0.000309
1314402,1178,179969,45-49,F,101,589270,107,158.05,10,4,0.00018158,1.48,0.000268
1314403,1178,179970,45-49,F,102,168714,24,36.01,2,2,0.00014225,1.50,0.000213
1314404,1178,179971,45-49,F,103,71982,11,16.34,1,0,0.00015282,1.49,0.000227
1314405,1178,179972,45-49,F,104,558666,110,162.64,14,5,0.00019690,1.48,0.000291
1314406,1178,179973,45-49,F,105,1118200,235,333.75,11,4,0.00021016,1.42,0.000298
1314407,1178,179974,45-49,F,106,107100,23,33.71,1,0,0.00021475,1.47,0.000315
1314408,1178,179975,45-49,F,107,877769,160,232.59,13,4,0.00018228,1.45,0.000265
1314409,1178,179976,45-49,F,108,212508,33,47.69,4,1,0.00015529,1.45,0.000224
1314410,1178,179977,45-49,F,109,1129773,252,358.19,13,2,0.00022305,1.42,0.000317
1314411,1178,179978,45-49,F,110,637549,120,173.88,3,0,0.00018822,1.45,0.000273
1314412,1178,179979,45-49,F,111,151531,28,40.29,2,0,0.00018478,1.44,0.000266
1314414,1178,179981,45-49,F,113,790253,135,198.71,8,2,0.00017083,1.47,0.000251
1314415,1178,179982,45-49,F,114,513161,114,165.61,5,2,0.00022215,1.45,0.000323